duration,popularity,danceability,energy,key,loudness,speechiness,acousticness,instrumentalness,liveness,valence,tempo,n_beats,n_bars
248,4,0.561,0.866,6,-2.858,0.0403,0.000853,0.84,0.0374,0.247,174.067,710.0,177.0
212,52,0.848,0.87,11,-4.014,0.0395,0.172,0.795,0.247,0.25,120.013,422.0,104.0
54,0,0.167,0.963,4,0.377,0.0711,0.107,0.692,0.397,0.031,106.265,91.0,23.0
85,35,0.733,0.355,0,-11.854,0.0369,0.287,0.752,0.0895,0.216,80.972,114.0,28.0
135,16,0.0916,0.998,11,-5.353,0.17,0.00229,0.16,0.522,0.0615,173.833,397.0,99.0
212,45,0.831,0.931,11,-5.165,0.0484,0.481,0.0,0.0261,0.948,98.018,347.0,87.0
149,22,0.348,0.99,0,-3.323,0.142,0.00572,4.84e-06,0.375,0.0664,184.878,458.0,115.0
194,30,0.678,0.616,9,-11.698,0.0376,0.00326,4.33e-05,0.166,0.557,123.347,399.0,99.0
273,0,0.238,0.777,1,-5.98,0.151,0.0106,0.73,0.254,0.156,92.322,407.0,101.0
281,64,0.315,0.534,6,-5.931,0.0332,0.525,0.0,0.171,0.445,136.725,630.0,158.0
274,55,0.639,0.883,7,-6.448,0.0688,0.0843,7.13e-05,0.225,0.431,140.008,628.0,157.0
169,52,0.75,0.872,0,-5.67,0.0576,0.59,0.0,0.0434,0.942,172.139,485.0,120.0
291,3,0.238,0.947,5,-5.132,0.0651,0.00113,7.52e-05,0.255,0.325,84.526,398.0,99.0
339,23,0.494,0.267,2,-13.019,0.0321,0.577,0.033,0.101,0.367,151.536,830.0,209.0
133,23,0.586,0.564,9,-9.699,0.0286,0.234,2.23e-06,0.316,0.862,149.94,316.0,78.0
125,11,0.745,0.418,9,-7.27,0.0462,0.887,0.774,0.105,0.738,103.502,215.0,54.0
430,22,0.327,0.944,2,-7.274,0.0591,0.000567,0.00395,0.0719,0.167,122.999,854.0,213.0
236,37,0.804,0.854,8,-6.009,0.0465,0.28,0.0,0.0668,0.961,124.031,473.0,118.0
257,21,0.588,0.534,9,-12.527,0.0271,0.458,0.0635,0.492,0.492,114.082,487.0,122.0
270,8,0.646,0.441,9,-13.942,0.0297,0.0777,0.899,0.0989,0.767,93.042,417.0,104.0
225,31,0.548,0.977,0,-5.051,0.0548,0.0274,0.106,0.333,0.769,120.011,448.0,111.0
200,26,0.683,0.477,1,-8.769,0.0442,0.049,0.00128,0.129,0.609,129.28,425.0,107.0
260,27,0.524,0.396,7,-9.094,0.028,0.658,0.000184,0.139,0.348,161.232,671.0,168.0
219,56,0.484,0.711,8,-5.172,0.0331,0.062,0.00358,0.106,0.715,171.939,621.0,155.0
156,38,0.458,0.828,4,-4.239,0.0409,0.354,1.12e-05,0.149,0.833,75.859,195.0,48.0
211,19,0.578,0.735,1,-11.431,0.0378,0.000797,0.782,0.234,0.552,145.096,503.0,125.0
325,55,0.431,0.748,9,-6.434,0.0846,0.117,2.69e-05,0.154,0.457,88.457,468.0,119.0
166,25,0.282,0.997,6,-4.833,0.0774,3.3e-06,0.664,0.052,0.615,177.114,473.0,117.0
219,46,0.65,0.592,5,-6.193,0.112,0.372,0.0,0.0866,0.58,135.971,489.0,122.0
222,21,0.618,0.474,7,-11.444,0.0285,0.866,0.0066,0.101,0.477,93.43,338.0,84.0
184,60,0.787,0.734,0,-6.465,0.0703,0.364,0.000995,0.0625,0.644,98.989,305.0,75.0
303,9,0.612,0.921,4,-5.37,0.0388,0.0303,0.227,0.363,0.692,128.009,644.0,162.0
178,51,0.503,0.903,2,-7.427,0.0527,0.0218,0.197,0.0861,0.0586,134.462,397.0,98.0
289,56,0.548,0.838,11,-5.683,0.161,0.0761,0.000134,0.327,0.438,156.914,743.0,185.0
226,63,0.852,0.864,2,-10.131,0.0387,0.0334,0.0239,0.0525,0.603,132.999,495.0,123.0
366,18,0.741,0.91,5,-7.419,0.0547,0.0666,0.408,0.159,0.556,149.869,910.0,229.0
219,35,0.607,0.426,8,-10.044,0.0586,0.454,0.0,0.321,0.606,122.568,441.0,108.0
331,50,0.594,0.651,9,-5.484,0.0394,0.62,0.0,0.0782,0.397,140.02,764.0,193.0
341,21,0.753,0.723,1,-9.045,0.0862,0.000621,0.166,0.204,0.49,135.961,775.0,195.0
446,1,0.713,0.964,7,-8.399,0.0413,7.1e-05,0.683,0.0946,0.146,132.994,983.0,245.0
310,23,0.687,0.812,8,-4.389,0.0467,0.119,0.0,0.0492,0.48,123.009,618.0,155.0
204,37,0.488,0.589,5,-8.809,0.11,0.49,0.0,0.281,0.764,83.103,275.0,69.0
224,39,0.636,0.898,7,-3.926,0.0483,0.0111,0.0,0.149,0.671,140.985,517.0,129.0
316,4,0.472,0.89,7,-5.237,0.0482,0.00026,0.842,0.168,0.119,174.021,898.0,224.0
217,11,0.663,0.955,7,-3.944,0.0517,0.00172,0.3,0.122,0.663,129.979,472.0,118.0
258,25,0.715,0.804,5,-7.006,0.0301,0.149,0.104,0.0954,0.815,109.997,470.0,117.0
287,55,0.507,0.281,11,-11.657,0.0307,0.758,0.0,0.211,0.264,125.893,594.0,149.0
155,28,0.491,0.972,2,-6.926,0.0799,0.00776,0.858,0.229,0.575,87.43,225.0,56.0
232,3,0.227,0.986,1,-5.605,0.0897,4.32e-06,0.821,0.283,0.199,94.809,461.0,116.0
279,41,0.548,0.553,2,-9.714,0.122,0.0996,4.34e-06,0.0713,0.137,85.231,390.0,98.0
237,54,0.607,0.581,1,-8.182,0.0284,0.024,0.0026,0.128,0.348,94.493,370.0,92.0
422,0,0.713,0.568,10,-4.08,0.128,0.0545,8.15e-06,0.178,0.668,105.694,729.0,184.0
383,58,0.168,0.974,4,-9.116,0.112,3.05e-05,0.641,0.0752,0.0943,93.424,685.0,174.0
215,25,0.804,0.718,0,-7.077,0.0336,0.287,4.9e-06,0.0939,0.736,122.501,427.0,106.0
443,0,0.833,0.97,8,-10.688,0.0665,0.0956,0.933,0.317,0.278,130.03,933.0,235.0
130,1,0.597,0.491,2,-8.712,0.0438,0.899,0.919,0.103,0.398,83.003,174.0,42.0
135,11,0.492,0.779,10,-8.361,0.0275,6.34e-05,0.593,0.216,0.828,150.0,334.0,82.0
96,37,0.706,0.425,7,-14.386,0.0978,0.0549,0.975,0.159,0.324,80.002,125.0,30.0
152,23,0.522,0.685,9,-6.041,0.032,0.84,0.912,0.22,0.966,140.201,338.0,84.0
181,35,0.594,0.614,0,-10.175,0.0553,0.00298,0.712,0.0739,0.825,159.94,475.0,119.0
171,38,0.763,0.925,11,-3.819,0.0406,0.0533,0.893,0.102,0.761,98.51,279.0,69.0
207,27,0.489,0.82,9,-4.499,0.0601,0.0102,0.0,0.165,0.464,170.027,579.0,146.0
111,38,0.843,0.896,11,-3.261,0.0712,0.104,0.371,0.0791,0.865,137.966,255.0,64.0
208,32,0.693,0.763,0,-8.5,0.0396,0.0053,0.0144,0.0949,0.379,132.662,450.0,112.0
288,32,0.591,0.177,9,-17.299,0.0811,0.926,0.00106,0.294,0.522,70.959,341.0,86.0
337,20,0.181,0.942,10,-7.231,0.0982,7.48e-06,0.714,0.112,0.133,152.13,854.0,214.0
67,40,0.854,0.4,10,-6.511,0.042,0.646,3.12e-05,0.0768,0.854,84.904,93.0,23.0
157,9,0.226,0.136,0,-14.031,0.0403,0.847,0.0865,0.0908,0.0432,137.796,307.0,101.0
290,55,0.64,0.529,5,-7.18,0.0275,0.0053,0.0919,0.12,0.259,104.023,497.0,124.0
220,44,0.603,0.63,4,-7.754,0.0323,0.00343,0.0,0.139,0.927,141.934,513.0,126.0
204,0,0.533,0.588,2,-1.121,0.0279,0.433,0.0,0.0946,0.147,85.097,284.0,70.0
178,22,0.636,0.826,3,-7.486,0.0585,0.461,0.271,0.141,0.731,102.809,304.0,76.0
211,39,0.713,0.587,7,-6.626,0.0368,0.201,0.0,0.108,0.604,85.969,301.0,75.0
309,0,0.833,0.604,8,-12.002,0.055,0.0103,0.000446,0.052,0.97,120.313,615.0,154.0
240,51,0.59,0.837,7,-5.204,0.0921,0.217,1.66e-05,0.107,0.356,130.043,506.0,126.0
176,0,0.755,0.41,8,-16.203,0.0399,0.211,0.841,0.124,0.505,148.026,433.0,107.0
216,23,0.498,0.479,5,-7.251,0.0251,0.629,0.000884,0.229,0.281,109.092,388.0,97.0
273,2,0.706,0.8,9,-9.421,0.0516,0.0332,0.037,0.0488,0.725,122.396,548.0,137.0
185,15,0.891,0.281,0,-10.173,0.0564,0.514,0.0,0.0918,0.849,134.953,401.0,100.0
226,0,0.376,0.987,11,-5.468,0.0709,1.16e-05,0.124,0.0684,0.229,140.085,514.0,129.0
143,44,0.301,0.479,8,-10.505,0.0559,0.501,0.0,0.0818,0.363,77.356,221.0,55.0
329,12,0.202,0.837,2,-8.207,0.0446,1.75e-05,0.653,0.23,0.38,122.309,668.0,168.0
140,7,0.804,0.676,8,-4.639,0.0752,0.0047,0.71,0.067,0.611,127.982,287.0,71.0
207,31,0.402,0.286,9,-13.671,0.053,0.887,0.897,0.13,0.185,75.989,353.0,88.0
358,18,0.164,0.949,1,-11.465,0.0709,2.64e-06,0.62,0.22,0.0584,138.396,816.0,206.0
204,15,0.524,0.898,7,-6.543,0.0409,0.000328,0.796,0.102,0.229,130.016,440.0,109.0
131,36,0.472,0.114,0,-16.446,0.0522,0.992,0.936,0.0897,0.177,130.472,270.0,67.0
164,31,0.789,0.912,6,-4.458,0.0665,0.0907,3.64e-05,0.329,0.672,123.028,332.0,83.0
192,0,0.574,0.883,9,-6.686,0.136,0.0606,0.0,0.0524,0.692,123.095,389.0,97.0
424,13,0.769,0.64,9,-12.873,0.0566,0.00229,0.766,0.059,0.81,122.011,853.0,215.0
127,18,0.185,0.18,5,-16.276,0.0376,0.837,0.743,0.0891,0.0403,79.236,156.0,38.0
114,15,0.691,0.435,1,-9.505,0.0946,0.335,0.944,0.135,0.403,79.918,151.0,37.0
210,23,0.431,0.988,7,-3.761,0.0932,0.000107,0.0,0.0634,0.153,101.996,352.0,87.0
332,18,0.45,0.872,4,-5.054,0.0698,2.9e-05,0.861,0.0162,0.302,175.045,957.0,240.0
320,19,0.809,0.677,11,-4.825,0.0335,0.166,0.92,0.0542,0.875,110.001,581.0,145.0
205,34,0.582,0.66,7,-4.988,0.0544,0.399,0.0,0.127,0.484,83.789,275.0,67.0
137,36,0.602,0.362,11,-8.158,0.0859,0.549,0.756,0.186,0.231,144.07,323.0,80.0
122,29,0.548,0.394,2,-11.666,0.0282,0.864,0.856,0.1,0.472,105.79,209.0,52.0
203,24,0.695,0.764,10,-4.634,0.11,0.407,0.0,0.0763,0.921,92.005,304.0,75.0
329,58,0.71,0.845,11,-6.878,0.111,0.257,0.0,0.192,0.846,98.016,534.0,134.0
237,15,0.48,0.879,3,-4.086,0.0353,0.0156,0.0151,0.271,0.492,142.938,554.0,136.0
210,51,0.518,0.44,3,-14.536,0.034,0.888,0.457,0.111,0.575,76.154,259.0,64.0
291,39,0.586,0.777,8,-11.313,0.0475,0.00206,0.808,0.136,0.716,125.023,598.0,149.0
211,51,0.522,0.962,6,-4.814,0.0765,0.00388,0.0528,0.406,0.415,146.392,515.0,128.0
239,37,0.744,0.771,6,-9.034,0.0892,0.608,0.052,0.103,0.661,149.822,591.0,147.0
246,54,0.697,0.628,6,-7.194,0.0362,0.418,0.0,0.373,0.741,119.99,489.0,122.0
168,45,0.491,0.611,9,-10.38,0.0391,0.45,0.000114,0.252,0.931,101.238,276.0,68.0
171,51,0.619,0.277,11,-11.771,0.0322,0.892,0.0542,0.116,0.435,111.576,298.0,73.0
180,23,0.351,0.946,2,-5.305,0.0868,0.000138,0.411,0.147,0.674,91.222,272.0,67.0
226,4,0.786,0.583,1,-7.988,0.042,0.0155,0.927,0.0893,0.446,89.048,333.0,82.0
222,23,0.87,0.737,11,-8.372,0.126,0.268,0.00369,0.0504,0.952,136.07,495.0,124.0
284,15,0.701,0.79,0,-10.226,0.0369,0.0101,0.000237,0.142,0.851,120.506,568.0,143.0
174,49,0.607,0.704,8,-6.567,0.0488,0.101,0.0,0.3,0.897,162.944,460.0,116.0
278,55,0.61,0.605,6,-12.484,0.0419,0.000925,0.157,0.344,0.458,87.953,403.0,100.0
143,21,0.681,0.795,7,-7.888,0.0744,0.0031,0.376,0.0732,0.357,173.558,415.0,103.0
166,23,0.716,0.723,2,-8.079,0.0475,0.0156,2.17e-06,0.119,0.634,171.947,468.0,117.0
204,19,0.889,0.383,11,-8.738,0.0362,0.562,7.37e-05,0.143,0.767,139.979,466.0,116.0
359,14,0.712,0.728,9,-8.818,0.0366,0.0867,0.142,0.107,0.965,115.967,689.0,172.0
195,18,0.606,0.914,5,-3.337,0.029,0.00457,5.36e-06,0.203,0.944,96.243,310.0,77.0
273,49,0.748,0.596,10,-8.222,0.0397,0.0111,0.833,0.0506,0.472,115.006,519.0,130.0
278,43,0.519,0.304,6,-11.456,0.0286,0.487,0.0,0.0821,0.43,139.868,630.0,158.0
170,25,0.802,0.622,1,-5.998,0.0713,0.0363,7.42e-06,0.448,0.245,84.0,233.0,57.0
416,25,0.49,0.82,5,-7.138,0.0684,0.799,0.0558,0.131,0.854,102.572,644.0,161.0
318,11,0.497,0.944,2,-5.403,0.0542,0.00565,0.158,0.0761,0.697,185.027,977.0,244.0
252,14,0.719,0.553,1,-12.137,0.0404,0.433,0.895,0.108,0.207,126.023,517.0,171.0
314,50,0.272,0.161,4,-13.479,0.0314,0.884,2.07e-05,0.12,0.221,102.972,480.0,121.0
285,56,0.426,0.432,0,-9.667,0.0353,0.844,8.79e-05,0.13,0.615,77.004,357.0,89.0
251,57,0.566,0.81,0,-5.235,0.0382,0.000543,0.000397,0.0975,0.258,124.885,515.0,129.0
275,20,0.484,0.457,9,-5.51,0.0293,0.747,0.0,0.144,0.275,135.766,608.0,152.0
103,25,0.506,0.538,0,-11.764,0.0619,0.805,1.09e-06,0.338,0.664,139.444,234.0,58.0
227,40,0.714,0.743,1,-3.494,0.0464,0.00168,2.81e-05,0.064,0.683,131.997,496.0,123.0
151,26,0.674,0.543,6,-8.021,0.0299,0.16,0.91,0.084,0.757,89.992,226.0,55.0
213,0,0.453,0.973,1,-4.242,0.148,0.00234,0.729,0.391,0.408,93.131,348.0,88.0
442,44,0.781,0.555,6,-10.598,0.0464,0.0149,0.943,0.0921,0.175,123.015,901.0,228.0
131,3,0.673,0.375,6,-10.266,0.0334,0.425,0.915,0.0974,0.085,99.995,218.0,54.0
197,12,0.72,0.243,11,-12.47,0.0352,0.95,0.000618,0.107,0.33,136.009,427.0,141.0
353,47,0.49,0.987,5,-2.913,0.0998,0.000708,0.11,0.0749,0.322,140.01,818.0,205.0
206,1,0.467,0.973,1,-3.084,0.0524,0.00021,1.65e-06,0.191,0.563,108.584,366.0,92.0
221,0,0.464,0.939,4,-4.099,0.119,1.68e-05,0.0103,0.217,0.113,200.038,728.0,183.0
243,49,0.636,0.906,1,-4.39,0.0402,0.202,3.99e-05,0.063,0.805,191.967,778.0,194.0
124,59,0.681,0.833,0,-6.248,0.0847,0.382,5.59e-06,0.391,0.725,117.54,234.0,58.0
322,57,0.445,0.476,9,-6.964,0.0268,0.21,0.000127,0.0788,0.17,75.208,403.0,101.0
338,6,0.489,0.984,7,-2.493,0.107,1.59e-05,0.878,0.0829,0.571,174.009,958.0,238.0
238,59,0.267,0.232,2,-14.365,0.0301,0.712,0.0,0.538,0.103,96.158,376.0,94.0
200,32,0.619,0.756,0,-9.764,0.118,0.318,0.0,0.141,0.702,112.366,376.0,94.0
297,52,0.319,0.67,4,-7.276,0.0998,0.501,0.0,0.219,0.332,137.539,674.0,169.0
154,21,0.731,0.815,10,-5.211,0.0305,0.599,3.09e-05,0.105,0.97,120.08,293.0,72.0
210,40,0.61,0.79,7,-4.373,0.0359,0.283,0.0,0.164,0.918,152.092,528.0,132.0
383,0,0.35,0.831,0,-9.522,0.0451,0.282,0.873,0.146,0.33,86.981,578.0,144.0
405,49,0.591,0.604,3,-8.625,0.0766,0.358,1.89e-05,0.0748,0.23,141.94,954.0,241.0
226,10,0.582,0.973,7,-3.916,0.0405,0.0114,0.184,0.278,0.911,142.041,530.0,132.0
180,36,0.788,0.775,4,-1.776,0.0331,0.577,0.0194,0.0506,0.942,130.012,386.0,97.0
204,43,0.597,0.902,0,-5.983,0.06,0.614,0.0,0.235,0.865,172.095,584.0,146.0
155,0,0.306,0.713,4,-8.131,0.0365,0.419,0.00875,0.319,0.673,174.229,444.0,111.0
151,20,0.239,0.9,9,-5.282,0.0751,0.43,0.0,0.0379,0.868,198.378,492.0,122.0
213,55,0.644,0.757,1,-8.204,0.0388,0.0677,0.864,0.103,0.0462,128.017,444.0,110.0
171,23,0.639,0.76,5,-6.006,0.03,0.125,0.000142,0.254,0.837,109.859,303.0,75.0
278,10,0.729,0.922,0,-3.441,0.0838,0.00186,0.815,0.0617,0.587,125.046,580.0,144.0
248,0,0.633,0.702,4,-9.523,0.0448,0.267,0.0,0.103,0.603,128.003,479.0,120.0
298,0,0.454,0.892,0,-7.687,0.0349,3.14e-05,0.903,0.101,0.0357,94.956,465.0,116.0
145,0,0.642,0.251,1,-13.259,0.0633,0.943,0.0013,0.265,0.111,127.024,302.0,75.0
308,0,0.625,0.718,6,-9.264,0.0417,0.0783,0.895,0.104,0.727,97.988,494.0,123.0
167,14,0.562,0.528,11,-14.256,0.0775,0.148,0.882,0.13,0.552,87.924,239.0,59.0
255,13,0.66,0.57,0,-8.677,0.0612,0.473,0.0,0.0687,0.808,120.104,512.0,127.0
84,20,0.691,0.363,5,-14.357,0.138,0.776,0.0,0.107,0.926,138.044,185.0,46.0
413,10,0.762,0.841,11,-7.631,0.0927,0.000418,0.781,0.166,0.266,134.986,922.0,232.0
224,21,0.687,0.962,6,-4.995,0.0397,0.0063,0.0,0.4,0.354,133.0,491.0,123.0
123,17,0.617,0.524,9,-10.465,0.0316,0.943,0.97,0.305,0.954,115.157,229.0,57.0
194,40,0.677,0.833,6,-3.52,0.0408,0.368,0.0,0.0715,0.816,174.027,561.0,139.0
337,0,0.119,0.916,6,-4.052,0.0573,1.2e-05,0.481,0.0578,0.136,154.964,832.0,208.0
208,0,0.503,0.421,11,-7.421,0.0315,0.00274,0.309,0.0818,0.298,121.928,417.0,103.0
99,45,0.799,0.484,11,-8.4,0.0907,0.722,0.916,0.0903,0.552,87.02,143.0,34.0
154,11,0.485,0.578,4,-9.5,0.0567,0.689,0.948,0.147,0.0623,142.012,357.0,118.0
187,0,0.462,0.659,2,-6.077,0.114,0.00282,0.0,0.273,0.358,186.149,571.0,143.0
398,42,0.468,0.867,4,-6.239,0.126,0.0582,0.0,0.222,0.834,83.884,546.0,136.0
223,55,0.572,0.777,1,-3.899,0.0808,0.0029,0.0,0.0742,0.703,124.829,450.0,113.0
345,12,0.624,0.876,11,-7.885,0.0426,0.00955,0.818,0.0992,0.322,149.982,858.0,215.0
324,44,0.701,0.94,4,-2.963,0.0497,0.0619,0.0288,0.0962,0.945,139.497,752.0,250.0
418,53,0.648,0.414,2,-10.933,0.0314,0.26,1.72e-05,0.0748,0.583,143.971,995.0,249.0
209,45,0.649,0.59,0,-5.164,0.024,0.00137,0.0,0.129,0.731,99.984,339.0,84.0
331,45,0.555,0.921,10,-5.541,0.104,0.253,3.31e-06,0.101,0.814,177.986,980.0,247.0
91,13,0.58,0.642,6,-6.986,0.0647,0.357,0.785,0.0798,0.0504,115.0,159.0,39.0
164,6,0.549,0.396,5,-9.096,0.0689,0.749,0.8,0.0769,0.591,87.614,235.0,58.0
294,18,0.164,0.856,9,-4.534,0.0599,2.66e-06,0.0247,0.24,0.163,130.919,632.0,159.0
244,48,0.617,0.354,9,-9.965,0.0352,0.483,0.0,0.2,0.579,184.181,732.0,182.0
236,58,0.639,0.888,11,-4.671,0.106,0.233,0.0,0.0965,0.859,165.93,628.0,157.0
249,44,0.525,0.718,2,-5.464,0.0433,0.0427,0.0,0.147,0.288,90.016,370.0,92.0
331,0,0.537,0.957,11,-4.69,0.0457,0.00146,0.895,0.325,0.799,138.001,752.0,190.0
272,11,0.892,0.954,6,-4.641,0.0333,0.000981,0.78,0.124,0.928,121.989,545.0,136.0
179,22,0.851,0.498,5,-7.259,0.0427,0.741,0.888,0.162,0.896,129.1,386.0,96.0
308,28,0.636,0.412,1,-12.404,0.0303,0.173,0.0,0.112,0.327,114.037,577.0,143.0
381,48,0.666,0.321,1,-11.083,0.0843,0.000576,0.798,0.0905,0.399,119.999,758.0,191.0
415,38,0.922,0.671,2,-4.844,0.043,0.0873,0.0,0.255,0.96,127.988,882.0,219.0
202,36,0.451,0.388,9,-14.048,0.0363,0.108,0.0687,0.139,0.127,137.848,464.0,155.0
192,50,0.562,0.912,2,-4.461,0.0383,0.0032,0.0,0.115,0.55,120.021,384.0,95.0
230,20,0.741,0.903,0,-5.115,0.0514,0.0167,0.000348,0.128,0.968,135.972,512.0,129.0
202,0,0.587,0.214,8,-10.045,0.0273,0.773,0.0,0.11,0.217,139.847,460.0,113.0
312,0,0.466,0.981,9,-1.142,0.0797,0.00142,7.21e-05,0.0861,0.226,127.014,654.0,164.0
140,22,0.715,0.607,6,-7.759,0.0626,0.0232,0.0,0.168,0.409,171.993,396.0,99.0
344,41,0.47,0.693,10,-5.803,0.0443,0.153,0.0,0.115,0.115,129.139,724.0,182.0
225,47,0.653,0.401,5,-12.029,0.0279,0.893,0.143,0.109,0.311,129.988,481.0,120.0
297,22,0.646,0.651,7,-10.789,0.0328,0.0025,0.739,0.17,0.672,133.985,658.0,165.0
232,37,0.623,0.698,3,-5.808,0.0271,0.0244,0.000168,0.355,0.502,143.318,544.0,135.0
197,37,0.511,0.97,5,-2.299,0.0531,0.000337,1.39e-05,0.402,0.27,160.044,513.0,130.0
213,0,0.505,0.854,6,-4.167,0.0851,0.000101,0.00325,0.0556,0.319,96.023,341.0,84.0
272,47,0.354,0.75,3,-4.373,0.0506,0.364,0.0,0.0875,0.487,149.673,589.0,147.0
233,11,0.533,0.484,10,-13.175,0.0356,0.685,0.501,0.147,0.229,92.982,356.0,88.0
115,0,0.329,0.649,1,-10.623,0.11,0.971,0.869,0.103,0.136,132.506,251.0,83.0
372,43,0.682,0.923,8,-5.048,0.0591,0.436,0.0,0.358,0.734,115.98,715.0,179.0
278,0,0.543,0.928,7,-4.922,0.0568,0.000278,1.77e-06,0.34,0.298,100.01,462.0,115.0
361,45,0.507,0.615,1,-10.687,0.148,0.0202,0.521,0.115,0.142,122.89,722.0,183.0
201,22,0.494,0.272,7,-6.678,0.0306,0.755,0.0,0.216,0.319,76.966,252.0,63.0
259,42,0.577,0.849,6,-4.483,0.0389,0.0709,0.0,0.133,0.932,185.957,804.0,200.0
190,28,0.66,0.559,9,-8.0,0.0356,0.484,3.65e-05,0.102,0.887,105.774,320.0,105.0
200,52,0.488,0.133,8,-15.865,0.0362,0.895,0.0,0.0595,0.289,128.123,403.0,101.0
256,2,0.522,0.383,4,-10.962,0.0285,0.714,1.67e-05,0.106,0.332,150.018,636.0,158.0
337,50,0.525,0.665,11,-5.225,0.0443,0.0727,0.0,0.314,0.503,119.894,670.0,168.0
380,49,0.8,0.699,7,-8.639,0.0353,0.0714,0.902,0.0927,0.282,123.997,783.0,195.0
232,60,0.631,0.879,6,-5.476,0.0324,0.329,0.000378,0.0805,0.847,156.12,603.0,150.0
196,10,0.198,0.538,9,-8.689,0.035,0.183,0.999,0.148,0.241,99.331,314.0,77.0
316,3,0.786,0.641,4,-7.249,0.0754,0.000559,0.451,0.0994,0.321,116.954,612.0,154.0
196,58,0.701,0.813,7,-5.097,0.0517,0.0735,0.0,0.274,0.797,99.117,321.0,107.0
239,45,0.877,0.681,9,-4.754,0.0346,0.261,3.08e-06,0.312,0.919,112.0,441.0,109.0
287,0,0.21,0.631,0,-11.921,0.0823,0.0539,0.829,0.14,0.153,199.885,927.0,234.0
128,16,0.157,0.94,11,-7.582,0.0966,0.00159,0.905,0.445,0.238,155.425,320.0,80.0
209,26,0.586,0.726,0,-4.743,0.0932,0.118,0.0,0.0384,0.559,172.224,590.0,146.0
139,41,0.81,0.701,11,-4.531,0.033,0.544,0.0,0.152,0.695,127.994,295.0,74.0
139,22,0.647,0.729,7,-7.56,0.0304,0.307,0.00324,0.142,0.925,111.764,247.0,62.0
330,2,0.57,0.874,4,-3.766,0.0529,0.0782,0.0645,0.0745,0.39,175.811,957.0,240.0
206,36,0.593,0.993,6,-5.461,0.103,0.0618,0.783,0.164,0.474,150.367,510.0,127.0
352,10,0.784,0.956,1,-9.748,0.0474,0.22,0.837,0.105,0.207,127.379,744.0,186.0
98,54,0.658,0.373,1,-12.473,0.0399,0.197,0.89,0.131,0.0372,107.995,172.0,42.0
290,0,0.468,0.699,9,-6.992,0.133,0.0514,0.252,0.107,0.222,163.239,618.0,155.0
244,21,0.759,0.927,7,-3.969,0.051,0.0145,0.39,0.0639,0.655,127.001,515.0,130.0
282,15,0.245,0.679,7,-6.741,0.0691,0.0332,0.00659,0.175,0.263,110.423,462.0,153.0
210,53,0.574,0.521,6,-5.912,0.0344,0.751,0.0,0.109,0.262,137.88,474.0,119.0
428,25,0.248,0.683,2,-12.139,0.113,0.000932,0.0344,0.394,0.0398,95.483,760.0,190.0
261,23,0.655,0.486,9,-10.748,0.0258,0.785,0.000255,0.0854,0.802,104.997,452.0,112.0
232,49,0.574,0.298,9,-12.637,0.0263,0.902,0.0,0.107,0.301,80.017,303.0,75.0
125,0,0.301,0.263,9,-9.867,0.028,0.31,0.158,0.144,0.212,106.886,224.0,56.0
204,58,0.509,0.656,6,-7.574,0.0327,0.0315,2.12e-06,0.102,0.409,138.057,459.0,114.0
260,20,0.571,0.988,11,-3.588,0.131,0.0383,0.00288,0.0421,0.82,174.996,734.0,184.0
186,49,0.686,0.566,4,-11.567,0.0496,0.159,0.0221,0.104,0.698,94.977,295.0,74.0
232,14,0.423,0.329,5,-15.726,0.0351,0.702,0.0803,0.102,0.318,184.259,697.0,174.0
330,31,0.588,0.378,5,-7.746,0.0338,0.768,0.0,0.0635,0.574,173.307,936.0,233.0
230,16,0.19,0.967,7,-4.891,0.111,4.17e-06,0.247,0.375,0.289,87.243,338.0,85.0
332,19,0.409,0.993,3,-1.943,0.112,1.31e-05,0.683,0.149,0.0693,114.983,628.0,158.0
268,5,0.806,0.914,1,-8.58,0.0504,0.00473,0.916,0.055,0.794,117.121,521.0,130.0
191,58,0.574,0.734,0,-6.64,0.0288,0.000838,3.33e-05,0.183,0.881,149.996,476.0,118.0
147,8,0.359,0.369,2,-16.999,0.0674,0.792,0.506,0.0986,0.124,126.558,306.0,76.0
219,18,0.671,0.9,9,-4.278,0.028,0.169,1.63e-05,0.338,0.968,120.028,435.0,109.0
262,59,0.629,0.56,11,-4.95,0.0247,0.226,0.0,0.344,0.224,106.764,461.0,114.0
147,26,0.683,0.484,8,-12.922,0.103,0.298,0.0,0.199,0.516,106.92,246.0,61.0
133,16,0.32,0.13,1,-17.909,0.0342,0.936,0.944,0.105,0.0613,65.57,140.0,34.0
220,22,0.484,0.783,11,-7.923,0.0313,0.0119,0.899,0.103,0.77,164.006,578.0,143.0
192,42,0.604,0.496,7,-11.411,0.0413,0.643,0.0,0.368,0.196,80.0,254.0,63.0
140,55,0.649,0.571,9,-6.198,0.027,0.241,1.08e-05,0.172,0.659,108.03,245.0,61.0
336,42,0.688,0.927,0,-6.083,0.0617,0.0296,0.238,0.346,0.212,129.947,718.0,181.0
139,10,0.768,0.405,9,-9.068,0.0716,0.607,0.857,0.0917,0.22,170.039,391.0,97.0
187,65,0.474,0.308,10,-9.411,0.0573,0.762,0.0,0.111,0.418,93.343,281.0,69.0
262,15,0.803,0.768,10,-5.521,0.0471,0.00856,0.706,0.045,0.495,126.024,544.0,135.0
197,29,0.701,0.468,9,-14.007,0.0752,0.569,0.823,0.111,0.289,87.988,286.0,70.0
345,44,0.481,0.679,4,-7.596,0.0437,0.612,0.00223,0.0786,0.181,133.93,759.0,192.0
120,37,0.693,0.171,5,-15.304,0.0388,0.84,0.901,0.11,0.515,129.98,259.0,65.0
235,54,0.464,0.779,7,-4.717,0.0478,0.00905,0.36,0.126,0.155,158.097,614.0,152.0
282,61,0.624,0.857,10,-6.25,0.0542,0.0208,0.206,0.11,0.324,131.926,618.0,154.0
215,0,0.649,0.93,2,-4.776,0.0389,0.0118,1.2e-05,0.0468,0.894,135.017,465.0,116.0
219,26,0.477,0.808,2,-5.819,0.0588,0.00173,0.0027,0.105,0.215,156.418,560.0,139.0
209,24,0.609,0.618,5,-5.786,0.0239,0.678,1.23e-06,0.149,0.492,91.984,316.0,79.0
120,19,0.292,0.181,3,-13.796,0.0461,0.925,5.6e-06,0.217,0.116,138.526,262.0,65.0
80,36,0.134,0.178,7,-13.718,0.0451,0.617,0.713,0.365,0.0327,101.286,129.0,32.0
177,27,0.571,0.641,7,-6.406,0.0272,0.162,0.0,0.114,0.418,79.99,232.0,57.0
163,64,0.602,0.876,11,-5.212,0.0442,0.000122,7.16e-06,0.108,0.713,128.563,345.0,85.0
374,10,0.804,0.686,10,-8.785,0.0481,0.00691,0.766,0.104,0.673,125.014,779.0,194.0
71,21,0.206,0.613,3,-7.119,0.0463,0.899,0.748,0.309,0.0781,82.459,94.0,22.0
193,0,0.936,0.827,1,-7.689,0.043,0.000465,0.0185,0.0554,0.963,128.087,409.0,102.0
242,16,0.569,0.827,8,-5.373,0.0416,0.0039,0.804,0.371,0.521,112.999,455.0,113.0
202,35,0.534,0.883,1,-3.955,0.0326,0.548,0.0,0.152,0.667,153.884,509.0,127.0
223,62,0.67,0.626,9,-5.027,0.0628,0.286,0.0,0.0843,0.205,163.985,609.0,152.0
160,3,0.541,0.812,7,-14.978,0.0535,0.638,0.831,0.0985,0.164,150.012,396.0,101.0
329,18,0.436,0.915,7,-5.147,0.151,0.405,0.88,0.0748,0.776,88.39,478.0,120.0
182,54,0.649,0.923,1,-4.537,0.0348,4.51e-05,0.623,0.369,0.517,108.217,324.0,80.0
102,23,0.536,0.693,7,-13.96,0.0413,0.0138,0.000439,0.0677,0.798,142.982,234.0,58.0
183,0,0.674,0.958,10,-4.764,0.0552,0.000951,0.924,0.0515,0.885,126.979,385.0,95.0
153,49,0.64,0.623,9,-11.317,0.0388,0.285,1.77e-06,0.129,0.908,164.031,413.0,103.0
316,22,0.767,0.869,9,-7.323,0.0334,0.111,0.0688,0.0815,0.849,124.254,646.0,161.0
222,0,0.91,0.881,9,-3.246,0.107,0.0303,0.00197,0.0439,0.65,124.678,463.0,116.0
332,6,0.775,0.99,1,-1.962,0.065,0.00343,0.703,0.117,0.762,126.985,703.0,177.0
268,65,0.956,0.377,6,-7.965,0.0804,0.566,0.414,0.313,0.566,119.993,528.0,132.0
216,62,0.726,0.55,0,-9.676,0.0445,0.432,0.0,0.155,0.84,102.021,362.0,90.0
245,28,0.536,0.702,0,-5.748,0.0679,0.2,0.0,0.147,0.711,82.83,337.0,83.0
211,23,0.2,0.973,6,-3.391,0.0784,2.98e-05,0.000521,0.331,0.148,124.365,433.0,107.0
237,62,0.689,0.497,11,-7.855,0.0251,0.221,0.0,0.108,0.543,108.01,417.0,103.0
312,17,0.573,0.893,6,-5.855,0.058,0.0203,0.011,0.333,0.664,162.043,832.0,208.0
310,18,0.782,0.742,6,-9.627,0.0665,0.0753,0.0,0.0965,0.587,120.594,619.0,154.0
144,31,0.417,0.263,0,-10.654,0.0398,0.885,0.0,0.128,0.701,180.343,428.0,142.0
116,28,0.396,0.903,11,-8.957,0.0332,0.209,0.791,0.232,0.974,151.121,282.0,70.0
394,30,0.36,0.558,7,-6.479,0.0339,0.0735,1.51e-05,0.138,0.0931,139.676,904.0,227.0
236,36,0.555,0.935,4,-5.294,0.112,0.0114,0.00176,0.214,0.376,99.475,382.0,96.0
250,48,0.28,0.512,0,-6.932,0.029,0.347,0.0,0.108,0.494,80.795,328.0,82.0
222,53,0.725,0.855,1,-9.101,0.0435,0.0017,0.921,0.076,0.123,126.034,464.0,115.0
285,65,0.703,0.695,4,-5.518,0.118,0.654,0.0,0.103,0.683,92.003,432.0,107.0
356,1,0.801,0.736,5,-8.897,0.0395,0.343,0.000183,0.0429,0.942,105.009,617.0,153.0
184,21,0.525,0.969,11,-1.22,0.0714,0.0335,0.00823,0.3,0.615,175.106,536.0,133.0
224,32,0.733,0.823,8,-8.003,0.0438,0.00295,0.906,0.0965,0.428,123.998,447.0,111.0
267,8,0.4,0.823,0,-5.412,0.0563,0.000337,0.787,0.1,0.128,134.887,597.0,149.0
269,49,0.326,0.272,6,-9.536,0.0434,0.94,0.00337,0.301,0.253,181.863,794.0,200.0
158,36,0.741,0.358,8,-13.815,0.0767,0.709,1.47e-06,0.179,0.547,134.954,353.0,88.0
223,17,0.825,0.68,6,-6.816,0.156,0.135,0.0,0.109,0.722,96.029,351.0,87.0
200,8,0.605,0.902,0,-6.537,0.0382,0.00624,0.0061,0.136,0.768,124.991,412.0,104.0
301,51,0.38,0.727,8,-7.397,0.0376,4.1e-05,0.186,0.0949,0.115,165.85,827.0,206.0
221,22,0.54,0.435,10,-18.341,0.0443,0.966,0.775,0.0932,0.929,117.031,415.0,103.0
320,23,0.542,0.875,7,-4.285,0.0507,0.000356,0.31,0.359,0.114,172.973,895.0,224.0
164,48,0.818,0.808,2,-4.109,0.0531,0.0165,0.0,0.226,0.798,110.023,295.0,73.0
194,18,0.715,0.54,9,-7.223,0.0621,0.834,0.0,0.249,0.606,85.954,256.0,64.0
255,60,0.396,0.485,11,-8.249,0.0344,0.615,0.0,0.151,0.739,62.518,262.0,66.0
207,30,0.641,0.859,8,-5.066,0.0387,0.0773,0.364,0.058,0.752,147.78,508.0,126.0
180,2,0.589,0.838,10,-5.945,0.0417,0.00587,0.228,0.379,0.322,126.113,372.0,92.0
181,63,0.546,0.221,2,-8.915,0.063,0.868,0.0,0.0994,0.593,128.144,385.0,96.0
221,21,0.705,0.906,4,-2.734,0.119,0.344,0.0,0.328,0.851,125.925,452.0,112.0
246,17,0.832,0.724,5,-5.64,0.05,0.704,0.384,0.146,0.954,131.949,530.0,133.0
287,31,0.781,0.755,7,-7.015,0.0395,0.564,0.00267,0.126,0.597,118.168,562.0,140.0
293,72,0.392,0.642,8,-5.267,0.0326,0.0048,0.486,0.296,0.129,92.698,446.0,111.0
283,0,0.398,0.918,6,-6.989,0.0421,1.75e-05,0.292,0.354,0.409,170.05,784.0,196.0
236,12,0.651,0.949,0,-7.657,0.048,0.267,0.0155,0.138,0.567,123.001,482.0,119.0
186,51,0.569,0.488,0,-9.698,0.0409,0.175,0.0,0.263,0.212,81.998,245.0,61.0
180,53,0.63,0.735,2,-7.682,0.0346,0.464,0.8,0.0817,0.727,106.589,316.0,78.0
195,3,0.297,0.249,2,-14.813,0.037,0.971,0.00568,0.121,0.0428,58.371,187.0,46.0
118,6,0.535,0.678,1,-13.146,0.0389,0.00262,0.957,0.0797,0.663,97.603,192.0,46.0
134,16,0.424,0.321,7,-11.358,0.0613,0.501,0.601,0.106,0.213,108.063,234.0,58.0
187,0,0.594,0.714,0,-5.181,0.0354,0.565,0.0,0.203,0.485,137.218,428.0,110.0
386,17,0.37,0.843,0,-2.707,0.142,0.0859,3.74e-05,0.0666,0.395,82.581,528.0,131.0
82,25,0.198,0.483,1,-14.552,0.0506,0.831,0.927,0.0979,0.234,76.592,101.0,32.0
299,30,0.465,0.945,6,-3.47,0.152,0.000294,1.48e-06,0.215,0.48,172.064,852.0,215.0
133,13,0.706,0.584,4,-8.492,0.0289,0.694,0.879,0.0759,0.339,131.969,288.0,94.0
211,61,0.749,0.74,10,-8.528,0.0313,0.0005,0.154,0.112,0.887,128.012,447.0,113.0
194,0,0.858,0.725,5,-10.373,0.163,0.631,0.0,0.0891,0.358,100.002,320.0,80.0
302,21,0.218,0.91,5,-4.083,0.102,0.000611,6.04e-06,0.0964,0.258,182.998,722.0,182.0
223,22,0.385,0.432,9,-8.397,0.0581,0.574,0.0,0.193,0.19,94.843,348.0,88.0
134,3,0.756,0.412,1,-11.219,0.111,0.099,0.000486,0.341,0.489,127.475,285.0,71.0
305,62,0.237,0.543,7,-8.921,0.0372,0.838,3.86e-06,0.0961,0.316,73.896,372.0,93.0
279,48,0.524,0.894,9,-5.214,0.0378,0.00685,0.226,0.156,0.134,122.97,527.0,133.0
265,52,0.634,0.643,8,-5.177,0.0271,0.386,9.61e-05,0.109,0.409,115.997,499.0,125.0
321,25,0.636,0.721,2,-8.705,0.0366,0.208,1.47e-05,0.0938,0.63,129.898,683.0,171.0
217,14,0.676,0.662,2,-9.466,0.0297,0.834,0.683,0.139,0.494,133.871,481.0,119.0
146,6,0.372,0.156,2,-15.847,0.043,0.925,0.000256,0.0997,0.332,88.1,212.0,69.0
220,56,0.521,0.484,4,-6.122,0.0747,0.0272,0.000191,0.0904,0.758,79.625,283.0,70.0
222,32,0.614,0.417,11,-10.491,0.0275,0.453,1.1e-05,0.199,0.309,132.06,482.0,120.0
106,24,0.124,0.146,0,-17.24,0.0428,0.547,0.805,0.0897,0.0323,77.36,124.0,30.0
216,57,0.591,0.665,6,-6.525,0.153,0.14,0.00103,0.382,0.694,118.195,486.0,122.0
197,0,0.563,0.879,0,-4.735,0.0907,0.00125,1.76e-05,0.166,0.602,107.013,352.0,88.0
130,24,0.656,0.383,9,-14.554,0.0274,0.0197,0.0331,0.0715,0.407,94.012,189.0,46.0
290,0,0.551,0.968,1,-5.242,0.123,0.01,0.169,0.212,0.272,105.047,506.0,126.0
276,33,0.592,0.698,0,-7.593,0.033,0.77,0.0469,0.0951,0.396,112.019,504.0,125.0
238,54,0.709,0.812,6,-2.497,0.119,0.108,2.11e-06,0.465,0.908,131.984,517.0,129.0
228,20,0.693,0.832,10,-2.008,0.0333,0.145,0.0,0.106,0.523,119.95,445.0,111.0
264,16,0.644,0.831,11,-8.835,0.0343,0.221,0.895,0.127,0.759,126.061,548.0,136.0
154,0,0.707,0.921,9,-1.735,0.0516,0.149,0.000624,0.12,0.962,139.982,355.0,89.0
137,17,0.479,0.946,10,-7.859,0.0388,0.000548,0.261,0.136,0.0381,125.487,287.0,71.0
129,35,0.655,0.692,0,-8.707,0.0444,0.00981,0.727,0.489,0.113,139.064,290.0,72.0
351,5,0.738,0.557,11,-9.603,0.158,0.00406,0.0823,0.476,0.268,124.948,725.0,183.0
69,0,0.409,0.499,4,-12.559,0.0475,0.812,0.389,0.318,0.405,136.747,152.0,37.0
216,26,0.586,0.79,7,-6.834,0.0453,0.0254,0.000761,0.138,0.228,120.067,427.0,107.0
222,0,0.782,0.797,10,-5.229,0.0387,0.13,1.89e-05,0.165,0.554,110.045,399.0,98.0
298,8,0.123,0.216,10,-16.622,0.0357,0.986,0.954,0.139,0.031,81.641,395.0,98.0
153,11,0.611,0.911,0,-4.289,0.0418,0.000475,0.452,0.333,0.639,132.961,331.0,83.0
269,29,0.368,0.233,1,-12.382,0.0303,0.861,2.56e-06,0.103,0.36,158.241,687.0,172.0
249,76,0.56,0.631,7,-9.032,0.0334,0.861,0.0133,0.0985,0.376,107.987,434.0,109.0
221,12,0.694,0.889,8,-4.498,0.0402,0.0557,0.0,0.11,0.853,128.029,464.0,116.0
224,22,0.471,0.482,2,-9.671,0.0274,0.814,3.39e-05,0.136,0.482,147.971,547.0,136.0
87,33,0.169,0.995,7,-16.293,0.0526,0.762,0.821,0.483,1e-05,86.664,126.0,32.0
200,23,0.725,0.68,7,-7.345,0.0503,0.284,0.0105,0.171,0.679,175.897,576.0,144.0
274,0,0.163,0.993,4,-4.106,0.147,5.84e-05,0.552,0.381,0.236,147.591,662.0,165.0
327,20,0.714,0.98,6,-2.127,0.0595,0.00692,0.818,0.0414,0.883,158.463,863.0,215.0
254,40,0.598,0.859,2,-6.6,0.0419,0.0107,0.00127,0.0983,0.185,114.952,487.0,122.0
192,39,0.616,0.891,11,-4.123,0.0486,0.18,0.0,0.0909,0.835,133.026,425.0,107.0
236,6,0.523,0.543,2,-9.544,0.0385,0.0694,0.00234,0.0516,0.489,175.944,655.0,164.0
207,32,0.459,0.734,1,-6.151,0.0424,0.0052,0.0,0.25,0.39,76.011,259.0,65.0
268,48,0.781,0.693,4,-9.075,0.0363,0.0283,0.857,0.117,0.0964,127.03,558.0,140.0
174,44,0.624,0.871,0,-3.498,0.0352,0.386,0.0,0.335,0.886,161.666,458.0,115.0
248,47,0.688,0.97,10,-2.87,0.0507,0.412,0.000109,0.343,0.877,112.956,464.0,115.0
289,24,0.714,0.958,9,-6.769,0.0527,0.000976,0.0118,0.0466,0.85,174.977,831.0,206.0
254,29,0.664,0.871,1,-3.189,0.0362,0.056,0.0,0.0677,0.601,119.996,493.0,123.0
244,11,0.317,0.816,9,-7.44,0.114,0.000454,0.0,0.304,0.411,153.828,620.0,156.0
191,32,0.159,0.913,1,-12.378,0.0853,6.1e-05,0.0229,0.366,0.0363,189.19,586.0,147.0
258,31,0.805,0.812,1,-5.43,0.0925,0.0318,0.000998,0.0804,0.748,122.003,519.0,128.0
207,44,0.663,0.899,1,-3.816,0.0472,0.00041,0.000905,0.366,0.841,118.015,401.0,99.0
203,7,0.589,0.983,2,-3.069,0.11,0.00221,0.868,0.417,0.391,132.082,447.0,111.0
312,19,0.377,0.971,3,-7.267,0.0845,1.71e-06,0.636,0.118,0.059,95.046,482.0,119.0
250,22,0.616,0.964,10,-5.398,0.0885,0.00113,3.29e-06,0.414,0.364,129.986,541.0,135.0
300,53,0.586,0.524,1,-8.576,0.0436,0.74,2.98e-06,0.136,0.529,98.077,485.0,121.0
116,28,0.488,0.437,2,-15.779,0.032,0.105,0.974,0.141,0.918,129.856,243.0,60.0
252,0,0.417,0.961,1,-6.332,0.091,6.48e-05,0.85,0.209,0.233,109.998,456.0,114.0
134,45,0.747,0.571,10,-6.985,0.119,0.0264,0.888,0.102,0.71,89.96,196.0,48.0
260,15,0.749,0.877,9,-12.093,0.0424,0.000181,0.797,0.153,0.735,122.831,528.0,131.0
370,10,0.592,0.554,5,-13.448,0.028,0.0307,0.768,0.105,0.176,140.024,859.0,214.0
299,56,0.422,0.366,7,-7.181,0.0333,0.728,0.0,0.112,0.224,80.197,385.0,96.0
390,15,0.474,0.833,6,-10.493,0.047,0.0187,0.895,0.506,0.0387,121.965,784.0,196.0
139,29,0.182,0.997,11,-3.006,0.147,1.08e-05,0.501,0.189,0.475,183.461,420.0,104.0
304,43,0.673,0.874,9,-7.17,0.085,0.00063,0.696,0.134,0.239,135.004,673.0,168.0
133,30,0.778,0.304,0,-15.091,0.0482,0.394,0.841,0.162,0.426,86.112,188.0,47.0
343,21,0.566,0.641,0,-7.107,0.0316,0.00465,0.48,0.188,0.142,127.997,724.0,180.0
164,42,0.55,0.905,2,-4.096,0.0819,0.21,0.0,0.491,0.644,159.933,433.0,108.0
102,22,0.13,0.807,0,-15.42,0.0485,0.501,0.765,0.178,0.00416,85.361,140.0,45.0
181,54,0.86,0.348,0,-10.403,0.0388,0.178,0.0,0.0866,0.832,134.005,396.0,98.0
264,17,0.366,0.88,7,-4.989,0.0533,2.92e-06,0.249,0.0727,0.251,109.97,478.0,120.0
220,44,0.844,0.907,6,-5.432,0.147,0.0207,0.505,0.0419,0.0743,126.03,455.0,112.0
381,57,0.52,0.509,9,-9.116,0.0301,0.425,1.15e-06,0.082,0.321,119.991,756.0,189.0
240,20,0.861,0.834,2,-3.792,0.0555,0.00837,0.00156,0.017,0.824,108.003,432.0,108.0
280,19,0.614,0.658,8,-13.187,0.0333,0.00933,0.711,0.104,0.25,132.006,611.0,154.0
261,17,0.602,0.867,3,-1.859,0.054,0.153,4.91e-06,0.145,0.686,134.013,570.0,142.0
200,19,0.94,0.665,0,-10.162,0.0594,0.166,0.0,0.0964,0.969,121.029,401.0,100.0
351,5,0.491,0.941,11,-4.444,0.152,0.00212,0.136,0.0578,0.248,168.959,979.0,245.0
128,34,0.628,0.517,5,-12.562,0.0469,0.485,0.237,0.0981,0.227,79.995,169.0,42.0
134,40,0.517,0.566,9,-9.49,0.0817,0.878,0.915,0.166,0.33,77.536,228.0,57.0
357,6,0.756,0.786,0,-8.295,0.0532,0.0125,0.806,0.0765,0.884,125.014,736.0,184.0
247,0,0.565,0.931,8,-4.285,0.0652,2.04e-05,0.604,0.0665,0.616,113.022,463.0,116.0
199,4,0.738,0.941,9,-6.336,0.0467,0.000266,0.0107,0.0515,0.351,125.983,418.0,104.0
258,76,0.557,0.525,2,-6.324,0.149,0.524,0.0,0.113,0.362,153.247,650.0,163.0
200,0,0.453,0.316,8,-16.294,0.0498,0.684,0.217,0.077,0.279,119.887,392.0,98.0
215,39,0.771,0.548,11,-10.241,0.127,0.46,0.0,0.151,0.571,152.981,544.0,135.0
292,22,0.592,0.488,7,-11.355,0.0352,0.708,0.885,0.0793,0.568,112.338,528.0,131.0
379,45,0.294,0.89,8,-2.877,0.0747,0.0019,7.14e-06,0.081,0.239,114.727,718.0,181.0
367,18,0.788,0.654,8,-8.837,0.0711,0.0306,0.864,0.0957,0.388,117.027,712.0,179.0
320,48,0.349,0.593,10,-7.8,0.043,0.258,0.0,0.0849,0.233,133.642,701.0,175.0
197,0,0.415,0.972,11,-5.446,0.0716,0.00448,0.146,0.339,0.588,169.981,540.0,135.0
392,0,0.791,0.872,1,-9.775,0.0465,3.01e-05,0.895,0.0912,0.0418,122.997,805.0,202.0
138,1,0.279,0.16,0,-16.142,0.0408,0.968,0.858,0.133,0.0705,101.168,228.0,56.0
161,17,0.594,0.939,5,-3.892,0.17,0.000143,0.827,0.361,0.369,171.958,461.0,114.0
203,41,0.726,0.926,1,-3.523,0.0534,0.0269,3.86e-06,0.0519,0.545,108.0,367.0,91.0
173,27,0.712,0.617,6,-4.812,0.0476,0.45,0.0,0.131,0.81,136.982,394.0,99.0
324,23,0.452,0.264,9,-14.867,0.0324,0.0403,0.0,0.0728,0.15,144.092,766.0,192.0
156,45,0.766,0.745,7,-4.173,0.0395,0.139,0.33,0.321,0.517,95.034,239.0,60.0
83,52,0.563,0.84,5,-6.968,0.103,0.362,0.0,0.213,0.956,178.227,246.0,62.0
292,53,0.562,0.513,11,-9.003,0.0269,0.125,0.015,0.0696,0.153,99.961,478.0,118.0
237,54,0.329,0.54,5,-6.814,0.033,0.017,1.63e-05,0.176,0.137,184.572,722.0,181.0
285,0,0.368,0.955,9,-3.181,0.0854,4.05e-05,0.085,0.323,0.19,149.973,706.0,175.0
261,26,0.56,0.525,8,-7.294,0.0319,0.505,1.02e-05,0.0817,0.434,115.877,493.0,124.0
131,24,0.715,0.911,7,-7.496,0.0654,0.0351,4.01e-06,0.17,0.532,124.03,269.0,89.0
292,45,0.309,0.198,9,-14.821,0.0326,0.888,0.853,0.117,0.0957,65.659,315.0,77.0
344,14,0.514,0.763,7,-8.789,0.0339,0.00121,0.0635,0.104,0.482,94.011,536.0,134.0
349,16,0.629,0.969,9,-3.144,0.0772,0.00463,0.579,0.08,0.823,143.991,824.0,206.0
252,55,0.341,0.221,0,-11.718,0.0351,0.956,1.36e-05,0.272,0.334,73.815,301.0,75.0
336,66,0.676,0.996,9,-7.946,0.0397,0.0478,0.262,0.333,0.4,132.871,743.0,185.0
177,70,0.599,0.713,11,-7.008,0.0542,0.405,2.53e-05,0.266,0.518,123.962,362.0,92.0
150,4,0.601,0.814,11,-4.402,0.0498,0.000722,0.432,0.512,0.329,175.014,430.0,107.0
153,0,0.573,0.482,6,-10.494,0.0347,0.83,0.785,0.11,0.193,155.002,389.0,97.0
264,43,0.67,0.69,1,-4.744,0.0431,0.00163,0.62,0.0864,0.334,129.966,563.0,141.0
219,20,0.426,0.905,0,-4.942,0.101,0.196,0.00556,0.116,0.169,163.827,593.0,149.0
210,40,0.724,0.812,7,-3.502,0.0426,0.62,0.0,0.128,0.866,139.096,488.0,121.0
252,22,0.549,0.902,4,-2.109,0.0442,0.217,0.0,0.245,0.66,95.533,392.0,97.0
222,35,0.461,0.39,7,-10.973,0.0385,0.577,7.04e-06,0.12,0.498,172.044,630.0,158.0
270,1,0.533,0.419,1,-9.18,0.0372,0.526,1.11e-05,0.104,0.315,170.034,746.0,186.0
207,64,0.714,0.528,6,-8.789,0.0692,0.00415,0.854,0.0819,0.297,139.983,482.0,120.0
236,61,0.311,0.814,9,-9.272,0.0545,6.74e-05,0.00534,0.198,0.731,160.303,633.0,158.0
227,13,0.312,0.944,6,-12.435,0.0556,2.35e-06,0.012,0.129,0.135,150.022,552.0,138.0
170,14,0.393,0.831,1,-6.696,0.0328,0.00146,0.97,0.147,0.561,95.024,268.0,66.0
396,6,0.64,0.779,5,-6.338,0.0826,0.000526,0.571,0.11,0.69,126.054,832.0,210.0
190,27,0.648,0.515,7,-8.323,0.0571,0.0216,0.0,0.271,0.0386,100.067,312.0,77.0
175,23,0.699,0.905,11,-3.717,0.0354,0.0124,0.000142,0.106,0.971,144.984,415.0,103.0
228,55,0.414,0.851,5,-3.115,0.11,0.14,0.0,0.423,0.256,142.399,528.0,134.0
377,8,0.172,0.0701,8,-15.747,0.046,0.834,0.95,0.136,0.0505,119.596,704.0,176.0
236,19,0.797,0.969,4,-1.605,0.0979,0.156,0.0,0.112,0.524,118.06,457.0,114.0
302,3,0.279,0.953,7,-6.137,0.103,0.000273,0.00473,0.174,0.246,200.661,1004.0,254.0
361,47,0.511,0.78,0,-9.381,0.0753,0.168,0.54,0.0574,0.312,119.974,711.0,178.0
184,53,0.564,0.982,1,-1.992,0.0455,0.0386,0.844,0.129,0.868,128.008,390.0,96.0
350,8,0.748,0.856,8,-12.032,0.0396,0.000887,0.843,0.0619,0.502,127.995,745.0,185.0
179,64,0.754,0.653,7,-5.095,0.0611,0.0944,0.0,0.383,0.379,123.084,358.0,88.0
176,16,0.295,0.953,4,-5.58,0.0814,2.72e-06,0.000332,0.142,0.645,141.102,408.0,101.0
414,44,0.72,0.772,2,-10.38,0.0443,0.00756,0.864,0.0825,0.0576,123.001,841.0,211.0
230,25,0.809,0.58,6,-13.202,0.0942,0.192,2.09e-06,0.0672,0.922,101.068,388.0,97.0
148,0,0.798,0.117,0,-16.003,0.0723,0.992,0.821,0.114,0.192,137.83,337.0,84.0
159,45,0.858,0.636,1,-4.99,0.0897,0.107,0.0,0.127,0.647,122.05,319.0,79.0
210,37,0.552,0.452,5,-13.85,0.0294,0.89,0.881,0.0893,0.0631,127.982,429.0,107.0
392,48,0.803,0.852,1,-7.911,0.0493,9.02e-05,0.901,0.0712,0.103,124.981,807.0,202.0
139,36,0.66,0.349,0,-15.717,0.0561,0.657,0.0,0.231,0.477,120.957,276.0,68.0
199,29,0.378,0.961,6,-1.258,0.131,0.0123,2.15e-06,0.106,0.569,102.274,323.0,81.0
228,7,0.803,0.864,9,-8.205,0.0764,0.0604,0.878,0.0918,0.504,129.918,493.0,123.0
287,25,0.448,0.955,8,-2.437,0.0543,0.67,1.29e-06,0.225,0.789,158.031,749.0,187.0
302,62,0.677,0.837,8,-4.814,0.0646,0.237,0.0013,0.115,0.829,111.934,557.0,140.0
248,20,0.45,0.167,2,-13.203,0.0325,0.994,0.811,0.0859,0.312,130.049,535.0,132.0
267,13,0.687,0.726,10,-5.654,0.113,0.144,0.0,0.061,0.675,90.068,342.0,85.0
232,59,0.562,0.655,7,-9.207,0.0514,0.0159,0.00953,0.122,0.398,129.929,476.0,119.0
225,20,0.648,0.946,11,-2.658,0.0783,0.0182,0.0,0.331,0.584,134.978,495.0,124.0
265,58,0.694,0.618,1,-5.156,0.0366,0.31,0.0,0.106,0.458,111.943,488.0,123.0
249,52,0.437,0.961,11,-1.91,0.125,0.0599,0.0,0.367,0.619,161.968,656.0,163.0
299,22,0.749,0.701,7,-7.26,0.0286,0.444,0.00114,0.111,0.789,129.624,636.0,159.0
299,15,0.871,0.657,0,-5.204,0.047,0.00538,0.000375,0.0433,0.564,130.008,647.0,161.0
265,61,0.402,0.641,2,-5.905,0.0335,0.534,0.0,0.112,0.252,145.054,635.0,159.0
122,0,0.414,0.0872,7,-15.682,0.0432,0.979,0.0,0.204,0.562,115.047,215.0,52.0
345,16,0.634,0.936,11,-3.695,0.0561,0.000554,0.000171,0.103,0.585,175.025,1005.0,251.0
151,29,0.662,0.735,9,-5.078,0.0368,0.601,1.31e-05,0.0908,0.715,156.008,391.0,97.0
201,44,0.616,0.737,1,-6.921,0.0513,0.0206,0.0,0.0729,0.748,99.92,327.0,80.0
359,20,0.559,0.41,1,-14.27,0.123,0.733,0.000106,0.132,0.684,90.887,534.0,134.0
152,11,0.711,0.873,0,-2.896,0.0458,0.419,0.0,0.347,0.886,156.073,392.0,98.0
268,26,0.444,0.983,7,-2.591,0.146,0.0325,0.00308,0.0944,0.575,162.03,704.0,178.0
426,37,0.692,0.746,7,-6.359,0.0362,0.393,0.000496,0.257,0.613,107.981,765.0,192.0
208,15,0.98,0.454,7,-7.141,0.0637,0.0312,0.00174,0.0835,0.285,130.027,449.0,111.0
187,45,0.736,0.665,0,-6.427,0.0487,0.0466,0.0,0.164,0.563,94.981,294.0,72.0
238,51,0.579,0.171,11,-14.495,0.0303,0.901,0.000308,0.111,0.389,136.311,533.0,133.0
306,56,0.642,0.562,9,-9.304,0.0607,0.584,0.0,0.104,0.671,149.82,753.0,189.0
143,24,0.75,0.76,2,-7.687,0.0528,0.00667,2.12e-05,0.0914,0.506,171.931,411.0,102.0
151,40,0.8,0.306,9,-7.781,0.0416,0.358,0.859,0.119,0.559,90.013,225.0,56.0
412,49,0.414,0.679,2,-7.806,0.0427,0.0184,0.0,0.0895,0.183,138.149,918.0,230.0
239,20,0.523,0.912,1,-2.243,0.0397,0.0612,0.0,0.369,0.824,161.906,626.0,156.0
199,48,0.8,0.403,11,-13.362,0.0583,0.719,0.267,0.11,0.0987,104.925,342.0,85.0
208,22,0.706,0.114,9,-17.386,0.0448,0.937,0.935,0.122,0.16,130.725,433.0,108.0
243,21,0.557,0.898,4,-2.452,0.0738,0.0273,0.000103,0.362,0.482,171.99,684.0,172.0
317,14,0.554,0.941,2,-2.444,0.0579,7.33e-05,0.422,0.0627,0.895,176.022,920.0,229.0
104,21,0.746,0.301,2,-9.566,0.0373,0.765,0.923,0.189,0.312,85.024,147.0,36.0
243,53,0.649,0.788,9,-9.607,0.0373,0.0717,0.00232,0.0936,0.869,104.999,421.0,105.0
181,60,0.407,0.497,6,-5.828,0.0357,0.263,0.0,0.112,0.312,152.194,438.0,108.0
362,27,0.645,0.574,7,-12.268,0.0917,0.56,9.21e-05,0.124,0.748,103.921,631.0,160.0
227,49,0.837,0.934,0,-3.575,0.0876,0.0116,0.627,0.38,0.847,124.044,466.0,115.0
216,24,0.696,0.898,7,-3.885,0.04,0.00179,0.0,0.0879,0.593,131.023,466.0,117.0
224,24,0.415,0.963,0,-1.939,0.0806,0.049,0.0,0.194,0.677,127.271,434.0,109.0
209,29,0.406,0.813,4,-10.632,0.0467,0.0687,0.186,0.175,0.816,130.457,453.0,113.0
149,2,0.543,0.309,5,-15.471,0.14,0.457,0.92,0.118,0.304,115.703,220.0,72.0
161,31,0.728,0.577,5,-7.552,0.0503,0.386,0.902,0.146,0.709,89.979,242.0,59.0
205,27,0.717,0.402,11,-12.128,0.0394,0.72,0.000131,0.105,0.888,95.509,324.0,80.0
163,2,0.668,0.63,4,-6.368,0.041,0.256,0.0267,0.162,0.904,143.041,385.0,95.0
178,7,0.663,0.642,7,-8.122,0.0882,0.0586,0.776,0.408,0.539,141.913,421.0,105.0
201,41,0.616,0.901,0,-2.357,0.0283,0.107,4.53e-06,0.273,0.812,153.975,513.0,127.0
284,8,0.555,0.992,5,-5.04,0.143,0.00131,0.00596,0.245,0.1,154.982,725.0,183.0
267,18,0.558,0.797,5,-12.499,0.0675,0.003,0.89,0.0925,0.117,119.996,517.0,171.0
138,29,0.69,0.63,11,-5.429,0.0502,0.327,0.0,0.129,0.745,127.854,291.0,72.0
103,0,0.403,0.367,10,-15.286,0.0425,0.992,0.0117,0.287,0.153,91.099,154.0,37.0
96,40,0.92,0.51,11,-7.594,0.0671,0.435,0.0,0.504,0.863,126.979,205.0,51.0
99,57,0.776,0.813,6,-5.323,0.146,0.0994,6.16e-05,0.097,0.397,93.998,149.0,36.0
268,47,0.504,0.871,2,-6.669,0.0436,0.000157,0.00179,0.118,0.601,94.095,417.0,104.0
162,25,0.658,0.76,11,-6.613,0.155,0.0399,0.0,0.138,0.79,144.944,384.0,95.0
129,22,0.679,0.38,2,-8.983,0.0395,0.832,0.0,0.286,0.638,86.033,181.0,45.0
184,46,0.419,0.607,8,-7.126,0.0435,0.647,1.69e-05,0.146,0.422,157.675,472.0,118.0
290,48,0.488,0.553,0,-6.097,0.0306,0.52,9.49e-06,0.16,0.217,139.816,623.0,156.0
131,38,0.747,0.793,7,-5.255,0.0799,0.213,0.0,0.267,0.898,157.815,341.0,84.0
148,5,0.65,0.84,9,-10.832,0.053,0.192,0.868,0.0835,0.0951,123.047,295.0,74.0
262,3,0.663,0.57,2,-10.465,0.0304,0.0426,0.0122,0.281,0.687,103.287,446.0,111.0
307,28,0.516,0.879,9,-8.289,0.0339,0.00789,7.35e-05,0.305,0.886,139.907,699.0,174.0
168,30,0.678,0.489,5,-11.556,0.0358,0.28,8.58e-06,0.107,0.899,104.836,282.0,70.0
185,0,0.187,0.38,4,-12.22,0.0346,0.883,0.995,0.175,0.0358,79.347,238.0,58.0
195,41,0.824,0.59,8,-6.263,0.0515,0.562,0.0,0.0894,0.537,115.035,370.0,91.0
346,21,0.514,0.582,2,-5.548,0.0402,0.329,0.0,0.0703,0.363,71.94,406.0,102.0
187,45,0.455,0.974,9,-2.6,0.0486,0.00341,0.0,0.157,0.817,167.934,523.0,130.0
82,18,0.327,0.492,1,-14.419,0.0499,0.776,0.96,0.101,0.246,76.568,99.0,32.0
358,17,0.466,0.947,6,-4.262,0.0866,0.185,0.0508,0.241,0.44,167.047,978.0,245.0
218,3,0.683,0.824,7,-4.307,0.0397,0.0607,0.0,0.342,0.724,131.874,461.0,115.0
343,20,0.452,0.954,1,-2.731,0.16,0.0205,0.000166,0.346,0.456,146.005,818.0,208.0
295,15,0.251,0.96,10,-4.424,0.0664,2.53e-05,0.017,0.0795,0.179,105.734,536.0,135.0
195,48,0.602,0.373,2,-9.13,0.0326,0.393,0.0,0.269,0.358,174.035,549.0,181.0
272,26,0.481,0.959,4,-3.658,0.0944,3.55e-05,0.675,0.133,0.28,114.399,512.0,131.0
213,67,0.748,0.741,6,-3.103,0.0531,0.00419,0.0,0.147,0.537,128.077,453.0,113.0
159,17,0.588,0.746,6,-6.123,0.0679,0.561,0.676,0.144,0.358,77.028,204.0,50.0
342,9,0.679,0.749,6,-7.429,0.0472,0.000892,0.000711,0.104,0.886,124.281,708.0,177.0
169,43,0.193,0.285,8,-16.851,0.0439,0.173,0.191,0.133,0.0394,88.715,249.0,61.0
205,29,0.481,0.874,5,-6.432,0.0803,0.39,4.76e-06,0.0592,0.923,92.231,352.0,89.0
180,47,0.676,0.385,8,-13.063,0.0595,0.775,0.0,0.359,0.413,100.034,291.0,72.0
294,19,0.448,0.768,8,-5.951,0.101,0.103,0.0,0.119,0.489,151.014,570.0,144.0
406,0,0.202,0.658,6,-16.209,0.172,0.303,0.881,0.358,0.0625,79.301,529.0,131.0
187,30,0.401,0.405,2,-10.542,0.0309,0.463,0.397,0.0749,0.441,154.447,468.0,118.0
158,52,0.792,0.718,1,-4.619,0.044,0.39,7.5e-05,0.301,0.545,103.049,268.0,68.0
139,26,0.676,0.397,2,-10.426,0.0367,0.132,0.948,0.109,0.296,87.991,205.0,51.0
231,34,0.452,0.368,1,-5.736,0.036,0.51,0.0,0.117,0.553,147.415,558.0,140.0
184,50,0.42,0.666,3,-9.957,0.077,0.818,0.123,0.377,0.653,99.91,299.0,73.0
202,22,0.211,0.991,6,-5.864,0.116,7.93e-06,0.352,0.328,0.217,145.038,480.0,120.0
125,55,0.649,0.475,4,-9.857,0.0339,0.427,1.27e-05,0.225,0.872,152.113,313.0,78.0
196,50,0.617,0.662,2,-10.158,0.0413,0.521,0.0,0.155,0.896,168.71,540.0,135.0
198,2,0.437,0.468,11,-13.042,0.043,0.509,0.00482,0.356,0.184,74.995,249.0,61.0
235,39,0.406,0.121,5,-11.65,0.0373,0.806,0.0,0.115,0.387,118.071,459.0,115.0
407,6,0.197,0.356,9,-12.047,0.0297,0.0448,0.921,0.09,0.0383,100.033,608.0,153.0
336,49,0.754,0.752,4,-10.233,0.0434,7.46e-05,0.862,0.0834,0.161,139.998,779.0,196.0
307,25,0.643,0.687,7,-11.34,0.0539,0.000576,0.0969,0.299,0.637,143.956,733.0,183.0
362,35,0.491,0.322,7,-11.724,0.0354,0.741,4.34e-05,0.134,0.523,128.78,770.0,193.0
229,34,0.729,0.229,7,-12.156,0.0317,0.949,0.0669,0.131,0.364,107.969,409.0,102.0
215,44,0.517,0.234,0,-16.978,0.109,0.879,0.000211,0.0694,0.523,128.127,444.0,110.0
186,51,0.761,0.92,10,-8.431,0.0324,0.343,1.09e-06,0.0394,0.963,105.008,323.0,81.0
320,28,0.285,0.21,4,-15.226,0.0335,0.934,0.0601,0.11,0.105,70.582,374.0,123.0
334,37,0.66,0.676,7,-10.05,0.0343,0.0124,0.877,0.0886,0.0883,126.0,692.0,172.0
64,34,0.155,0.0875,3,-13.154,0.0522,0.157,0.968,0.146,0.0212,68.103,74.0,18.0
326,29,0.564,0.832,9,-7.362,0.0356,0.0309,0.856,0.0831,0.307,125.878,671.0,167.0
287,13,0.778,0.801,7,-7.591,0.0812,0.00217,0.000701,0.106,0.498,96.022,458.0,116.0
211,45,0.718,0.825,10,-5.063,0.128,0.0256,2.39e-05,0.0825,0.549,150.103,526.0,131.0
224,45,0.795,0.719,6,-4.791,0.0642,0.115,0.0051,0.0525,0.958,110.02,402.0,99.0
198,54,0.552,0.48,2,-5.711,0.033,0.864,4.16e-05,0.297,0.111,140.142,461.0,115.0
239,50,0.704,0.903,5,-7.384,0.0879,0.0159,0.572,0.0818,0.651,131.988,513.0,129.0
178,42,0.773,0.8,4,-3.929,0.0389,0.75,0.0,0.122,0.792,131.948,387.0,95.0
177,68,0.56,0.903,11,-4.77,0.0754,0.00132,0.0,0.291,0.581,143.821,422.0,104.0
150,45,0.765,0.501,8,-6.049,0.156,0.82,0.0,0.246,0.746,84.604,212.0,52.0
311,9,0.793,0.905,1,-7.258,0.124,0.000199,0.941,0.0291,0.473,132.796,687.0,175.0
230,63,0.448,0.878,8,-5.288,0.0727,0.000703,0.193,0.063,0.579,166.105,627.0,158.0
302,11,0.799,0.687,7,-13.622,0.0608,0.0225,0.885,0.11,0.0931,125.997,631.0,157.0
129,17,0.392,0.311,3,-7.853,0.0375,0.864,0.0,0.279,0.314,166.79,285.0,70.0
221,79,0.73,0.729,4,-3.434,0.0884,0.167,1.39e-06,0.349,0.467,113.011,414.0,104.0
141,38,0.69,0.445,4,-7.354,0.0441,0.79,0.345,0.151,0.107,100.105,233.0,58.0
227,34,0.503,0.581,10,-6.928,0.0347,0.188,0.0,0.109,0.379,143.969,530.0,134.0
228,22,0.63,0.725,5,-6.921,0.0319,0.369,2.77e-05,0.0992,0.903,133.246,498.0,125.0
196,5,0.763,0.576,0,-6.632,0.081,0.0735,0.848,0.146,0.393,99.978,324.0,81.0
154,68,0.557,0.978,0,-3.965,0.0493,0.000393,4.42e-06,0.287,0.499,149.887,385.0,96.0
167,17,0.509,0.264,6,-10.884,0.0301,0.889,4.74e-06,0.251,0.771,89.194,238.0,59.0
229,38,0.616,0.928,5,-7.029,0.0399,0.315,0.0,0.143,0.78,179.671,684.0,171.0
209,28,0.543,0.405,0,-11.025,0.0348,0.456,8.01e-05,0.183,0.318,93.359,317.0,78.0
240,7,0.782,0.946,3,-3.568,0.0796,0.000327,0.584,0.144,0.799,129.095,517.0,129.0
136,47,0.715,0.635,11,-9.616,0.0471,0.0241,0.191,0.276,0.956,79.255,176.0,43.0
270,21,0.79,0.973,1,0.082,0.147,0.03,1.92e-05,0.262,0.759,87.474,387.0,97.0
213,31,0.423,0.362,10,-6.906,0.0451,0.889,4.07e-06,0.087,0.364,174.173,609.0,203.0
172,22,0.479,0.59,2,-7.014,0.0923,0.306,0.0,0.335,0.156,123.993,322.0,80.0
120,16,0.491,0.7,2,-4.968,0.0981,0.0206,0.000317,0.185,0.0497,101.471,199.0,65.0
154,56,0.588,0.675,9,-7.005,0.105,0.314,0.0,0.389,0.962,93.621,237.0,59.0
203,8,0.737,0.73,11,-5.26,0.0895,0.0301,7.39e-05,0.0934,0.334,123.987,416.0,104.0
208,18,0.188,0.887,0,-6.479,0.0732,8.08e-05,0.0108,0.54,0.538,161.697,506.0,168.0
143,37,0.826,0.539,2,-4.855,0.102,0.0317,0.0,0.074,0.808,88.017,208.0,51.0
213,25,0.466,0.322,11,-9.829,0.0296,0.778,0.000586,0.0868,0.325,81.433,280.0,69.0
117,34,0.752,0.451,5,-9.922,0.0544,0.368,0.396,0.124,0.886,81.468,156.0,39.0
187,50,0.68,0.378,4,-10.665,0.0454,0.184,0.0,0.111,0.454,74.998,230.0,75.0
188,1,0.585,0.7,11,-8.591,0.0847,0.085,0.245,0.103,0.951,177.588,543.0,135.0
151,5,0.747,0.473,11,-8.565,0.0448,0.0096,0.82,0.158,0.575,91.984,230.0,56.0
190,52,0.561,0.526,6,-10.005,0.0258,0.774,0.00605,0.103,0.463,89.996,276.0,69.0
186,7,0.583,0.745,6,-6.726,0.0429,0.411,0.833,0.153,0.731,172.092,523.0,130.0
178,25,0.649,0.797,4,-5.826,0.0365,0.532,0.00128,0.212,0.766,109.851,323.0,81.0
357,0,0.416,0.973,7,-5.621,0.0586,0.00882,0.531,0.344,0.186,169.005,993.0,249.0
255,58,0.424,0.899,11,-3.937,0.0572,0.0034,8.1e-05,0.223,0.74,171.832,721.0,180.0
159,37,0.457,0.602,7,-11.774,0.0361,0.153,0.897,0.132,0.769,129.507,328.0,81.0
397,46,0.7,0.917,2,-7.002,0.0539,0.0196,0.844,0.0922,0.0523,132.019,874.0,219.0
185,62,0.816,0.885,2,-4.232,0.0879,0.301,0.0,0.0656,0.743,99.975,305.0,75.0
238,15,0.689,0.805,9,-4.38,0.0477,0.0089,6.79e-06,0.0812,0.798,139.972,537.0,135.0
141,35,0.76,0.553,0,-7.394,0.0395,0.412,0.643,0.113,0.92,87.993,204.0,51.0
193,26,0.527,0.695,9,-4.99,0.0346,0.0331,3.78e-05,0.31,0.271,142.922,451.0,113.0
280,51,0.603,0.292,10,-7.622,0.0282,0.406,0.0,0.136,0.231,127.905,591.0,149.0
121,8,0.78,0.78,9,-2.783,0.0496,0.032,0.0,0.16,0.689,99.963,195.0,48.0
191,61,0.603,0.961,3,-2.069,0.0636,0.00319,6.09e-06,0.0477,0.549,113.02,352.0,88.0
177,46,0.729,0.496,0,-7.863,0.0613,0.766,0.0,0.134,0.66,155.062,453.0,113.0
156,0,0.817,0.818,10,-4.482,0.0295,0.559,2.88e-06,0.338,0.63,111.024,289.0,72.0
315,5,0.806,0.805,8,-10.651,0.11,0.00143,0.363,0.406,0.885,123.05,646.0,161.0
212,74,0.699,0.299,6,-12.599,0.0403,0.869,0.0,0.0724,0.459,118.969,412.0,103.0
144,11,0.76,0.306,7,-15.334,0.059,0.951,0.897,0.133,0.685,120.029,288.0,72.0
267,33,0.72,0.768,3,-6.216,0.035,0.215,0.0,0.276,0.804,108.005,472.0,118.0
138,28,0.631,0.508,2,-6.255,0.028,0.0921,0.0,0.356,0.426,124.937,281.0,70.0
308,15,0.246,0.666,9,-9.228,0.0487,0.375,0.204,0.223,0.319,61.256,438.0,111.0
324,33,0.875,0.81,0,-4.852,0.0714,0.0745,0.903,0.0896,0.133,130.012,702.0,176.0
226,61,0.684,0.683,10,-6.374,0.028,0.581,9.52e-06,0.123,0.676,135.978,506.0,127.0
275,60,0.578,0.791,9,-5.758,0.0315,0.0975,5.58e-05,0.118,0.162,105.042,469.0,117.0
236,59,0.829,0.622,10,-7.293,0.0518,0.293,2.8e-06,0.167,0.775,131.971,511.0,129.0
231,26,0.689,0.811,9,-9.532,0.0314,0.0324,1.66e-05,0.0658,0.551,119.839,450.0,112.0
196,28,0.457,0.892,9,-6.28,0.0484,0.000349,0.287,0.231,0.581,134.427,428.0,106.0
290,0,0.4,0.415,7,-13.288,0.16,0.839,0.362,0.111,0.0383,88.553,423.0,107.0
405,28,0.812,0.916,11,-6.657,0.0601,0.00217,0.583,0.198,0.97,128.004,836.0,209.0
183,25,0.61,0.772,10,-8.113,0.0311,0.302,0.00233,0.132,0.551,143.018,430.0,107.0
277,28,0.234,0.673,1,-4.898,0.0372,0.157,0.0,0.129,0.419,159.785,522.0,173.0
116,20,0.797,0.772,3,-10.13,0.12,0.205,0.825,0.0988,0.49,148.896,288.0,72.0
313,51,0.533,0.479,2,-6.958,0.0376,0.686,0.0,0.0803,0.294,130.012,669.0,169.0
209,0,0.388,0.673,11,-6.223,0.0291,0.446,0.0201,0.183,0.209,81.676,273.0,67.0
48,0,0.226,0.912,6,-3.588,0.138,2.94e-06,0.829,0.221,0.0899,139.606,104.0,25.0
243,0,0.765,0.87,0,-4.674,0.0906,0.00318,0.607,0.0854,0.653,134.025,537.0,135.0
118,11,0.764,0.438,9,-10.689,0.0446,0.879,0.925,0.129,0.506,139.937,265.0,65.0
239,30,0.62,0.9,7,-4.158,0.0365,0.00332,0.0,0.0118,0.706,129.999,512.0,128.0
215,28,0.602,0.749,1,-4.326,0.038,0.018,1.87e-05,0.176,0.324,119.98,423.0,107.0
270,36,0.349,0.853,3,-3.759,0.0481,0.557,0.0,0.313,0.675,131.966,535.0,134.0
226,48,0.399,0.905,3,-3.971,0.0947,0.00124,0.000515,0.169,0.389,149.052,534.0,133.0
312,35,0.423,0.565,1,-8.976,0.0368,0.244,2.79e-06,0.15,0.174,139.946,703.0,177.0
175,31,0.693,0.392,2,-17.882,0.0467,0.594,0.749,0.111,0.0531,100.02,288.0,72.0
239,21,0.586,0.739,2,-4.013,0.0304,0.139,0.0,0.284,0.313,91.986,359.0,89.0
295,12,0.646,0.859,2,-6.096,0.0626,0.000467,0.000972,0.309,0.28,109.705,536.0,135.0
195,47,0.505,0.926,1,-2.44,0.0491,0.272,0.00315,0.0443,0.805,173.996,561.0,140.0
134,12,0.602,0.428,10,-9.876,0.0388,0.763,0.907,0.105,0.481,87.996,195.0,47.0
268,54,0.626,0.493,2,-14.668,0.0454,0.366,0.000137,0.0873,0.831,135.481,600.0,150.0
247,23,0.718,0.872,9,-5.572,0.0486,0.397,0.531,0.111,0.949,164.013,676.0,168.0
366,40,0.511,0.82,9,-4.413,0.0369,0.00055,0.938,0.17,0.0493,140.062,845.0,212.0
313,35,0.828,0.487,10,-7.946,0.0901,0.439,0.0,0.333,0.683,115.975,601.0,149.0
174,20,0.755,0.994,8,-3.277,0.121,0.000933,0.00075,0.337,0.744,139.931,396.0,99.0
109,1,0.705,0.589,1,-9.178,0.0862,0.00422,0.879,0.192,0.0547,90.032,159.0,39.0
257,45,0.588,0.687,7,-5.786,0.0514,0.00449,0.00288,0.104,0.23,94.896,392.0,99.0
259,20,0.485,0.741,8,-4.425,0.0294,0.317,0.000579,0.0683,0.936,103.72,436.0,109.0
283,42,0.747,0.817,10,-9.034,0.0528,0.000114,0.809,0.106,0.331,126.041,596.0,150.0
131,40,0.686,0.628,0,-5.862,0.0361,0.164,0.209,0.111,0.8,89.409,196.0,49.0
157,20,0.282,0.969,8,-4.347,0.0709,0.00011,0.678,0.087,0.155,184.998,479.0,120.0
336,7,0.539,0.526,11,-14.481,0.0297,0.0736,0.94,0.0911,0.232,140.018,768.0,192.0
192,23,0.566,0.997,4,-2.589,0.0529,0.00219,0.000185,0.335,0.649,144.006,457.0,114.0
206,0,0.516,0.342,4,-8.985,0.0425,0.55,0.0,0.21,0.0993,102.819,344.0,85.0
172,30,0.588,0.607,7,-7.377,0.0333,0.536,4e-05,0.302,0.88,124.143,349.0,86.0
339,0,0.72,0.836,7,-7.417,0.0497,7.5e-05,0.216,0.0831,0.188,131.891,734.0,182.0
320,39,0.542,0.559,10,-8.189,0.0331,0.24,0.00178,0.153,0.148,115.064,558.0,139.0
364,20,0.468,0.912,10,-6.14,0.126,0.0411,6.48e-05,0.311,0.255,162.934,982.0,245.0
327,7,0.77,0.771,1,-14.316,0.0587,0.174,0.897,0.0686,0.821,115.875,628.0,157.0
163,63,0.63,0.76,1,-10.347,0.115,0.000916,0.000856,0.0766,0.561,152.042,409.0,103.0
283,39,0.546,0.708,10,-6.406,0.0335,0.0288,0.0,0.133,0.371,121.994,566.0,142.0
349,21,0.395,0.485,9,-13.665,0.0318,0.468,0.409,0.209,0.536,106.197,898.0,224.0
299,21,0.344,0.269,9,-10.37,0.0376,0.73,0.0,0.0429,0.266,138.334,605.0,151.0
191,35,0.649,0.964,0,-6.676,0.134,0.153,0.00154,0.374,0.825,150.16,468.0,118.0
246,27,0.773,0.869,1,-6.239,0.0689,0.0617,5.41e-05,0.102,0.426,110.23,445.0,111.0
111,29,0.64,0.353,8,-5.701,0.0631,0.824,0.0,0.084,0.574,116.906,208.0,68.0
236,30,0.596,0.521,0,-7.908,0.0307,0.0622,0.0,0.0891,0.343,134.024,527.0,132.0
208,24,0.721,0.869,7,-2.75,0.0373,0.00291,1.66e-05,0.079,0.858,135.035,462.0,115.0
206,26,0.323,0.392,10,-8.396,0.0399,0.695,8.27e-06,0.266,0.234,58.319,199.0,49.0
162,30,0.742,0.617,5,-10.134,0.044,0.397,0.888,0.14,0.847,101.999,276.0,68.0
264,14,0.403,0.623,4,-7.939,0.0337,0.00346,0.0627,0.118,0.0819,106.017,463.0,115.0
387,57,0.664,0.998,6,-5.86,0.0642,0.00128,0.466,0.287,0.37,149.002,952.0,239.0
221,24,0.542,0.935,9,-6.574,0.0457,0.206,1.4e-06,0.295,0.537,131.008,471.0,117.0
84,14,0.629,0.179,10,-13.725,0.0626,0.075,0.879,0.383,0.379,88.048,124.0,30.0
110,0,0.518,0.61,2,-6.141,0.0734,0.00158,0.8,0.111,0.0654,185.839,333.0,110.0
173,22,0.351,0.456,4,-7.143,0.0352,0.784,0.0,0.358,0.336,139.103,392.0,97.0
229,21,0.552,0.307,5,-11.794,0.0332,0.845,0.0,0.128,0.303,127.919,470.0,117.0
143,30,0.711,0.528,2,-11.217,0.0504,0.00378,0.863,0.131,0.0863,107.976,255.0,62.0
202,25,0.553,0.605,7,-8.354,0.0326,0.934,0.000159,0.273,0.773,132.717,450.0,111.0
119,32,0.357,0.278,8,-11.197,0.0693,0.95,1.08e-05,0.107,0.208,88.085,174.0,43.0
189,12,0.77,0.887,10,-5.768,0.0579,5.09e-05,0.204,0.0824,0.491,132.03,384.0,95.0
231,35,0.76,0.661,10,-8.958,0.102,0.251,0.0,0.102,0.718,117.114,448.0,112.0
257,63,0.492,0.616,0,-8.202,0.0488,0.167,0.0165,0.114,0.316,139.918,587.0,146.0
178,11,0.556,0.277,1,-16.92,0.0273,0.904,0.177,0.0974,0.205,91.292,267.0,67.0
322,8,0.728,0.888,1,-4.012,0.0408,0.000469,0.86,0.166,0.469,119.987,641.0,160.0
356,19,0.492,0.992,11,-4.925,0.113,0.000671,0.00029,0.374,0.0526,104.977,615.0,153.0
207,30,0.628,0.996,1,-2.53,0.106,0.0939,0.0123,0.0906,0.362,145.021,483.0,119.0
221,19,0.535,0.564,2,-7.224,0.0394,0.361,0.0,0.119,0.278,123.892,439.0,109.0
153,16,0.788,0.466,11,-7.811,0.131,0.0229,0.00115,0.161,0.295,85.036,207.0,51.0
210,7,0.787,0.385,1,-7.672,0.0566,0.0194,0.879,0.208,0.448,86.456,296.0,73.0
210,11,0.617,0.835,2,-10.861,0.0371,7.98e-06,0.742,0.103,0.523,125.001,433.0,107.0
211,17,0.584,0.644,9,-7.79,0.0325,0.409,0.363,0.208,0.517,117.26,403.0,102.0
251,26,0.693,0.569,9,-9.466,0.0303,0.62,0.857,0.157,0.626,130.011,541.0,135.0
279,51,0.454,0.969,1,-4.897,0.0748,2.18e-05,0.171,0.0709,0.386,140.172,643.0,213.0
225,25,0.535,0.911,4,-6.568,0.0364,9.48e-05,0.0151,0.428,0.794,142.025,528.0,132.0
276,34,0.444,0.674,6,-3.629,0.0302,0.0816,0.0,0.0826,0.338,145.869,652.0,164.0
305,5,0.289,0.328,0,-7.991,0.0342,0.883,0.0,0.121,0.258,86.384,410.0,101.0
155,2,0.846,0.681,10,-4.462,0.0547,0.45,0.912,0.0953,0.557,95.984,244.0,60.0
295,24,0.539,0.61,4,-7.622,0.032,0.563,0.00185,0.0902,0.74,145.661,705.0,177.0
121,27,0.341,0.82,7,-7.034,0.0306,0.144,0.943,0.0982,0.967,149.756,288.0,71.0
295,21,0.573,0.943,2,-3.236,0.0333,0.00146,1.38e-06,0.117,0.766,132.985,650.0,162.0
245,59,0.632,0.929,6,-5.297,0.128,0.0503,0.0,0.271,0.584,136.008,548.0,137.0
256,0,0.643,0.978,1,-6.997,0.113,0.00221,0.000804,0.0818,0.23,136.044,577.0,143.0
404,52,0.674,0.496,10,-14.709,0.0357,0.281,0.929,0.11,0.398,112.011,751.0,190.0
112,25,0.559,0.406,2,-6.876,0.0333,0.175,0.851,0.11,0.887,159.985,296.0,73.0
349,49,0.312,0.632,7,-6.027,0.0507,0.0377,0.0,0.116,0.342,134.106,603.0,151.0
267,26,0.341,0.893,11,-4.896,0.102,0.00136,1.72e-05,0.0671,0.463,103.782,490.0,123.0
188,2,0.823,0.925,2,-5.842,0.0479,0.00448,0.14,0.113,0.75,125.016,388.0,97.0
225,53,0.697,0.676,7,-3.51,0.0395,0.00752,0.0,0.0898,0.372,136.01,509.0,127.0
399,0,0.737,0.802,9,-9.526,0.0599,0.000591,0.868,0.0288,0.665,123.619,815.0,203.0
202,20,0.709,0.938,0,-4.592,0.0707,0.0118,0.0,0.337,0.883,141.912,466.0,116.0
229,0,0.497,0.238,7,-17.512,0.0391,0.645,0.0117,0.141,0.244,128.712,489.0,162.0
112,23,0.601,0.406,2,-9.498,0.113,0.565,0.958,0.32,0.039,85.974,159.0,39.0
225,46,0.486,0.928,0,-4.056,0.0513,0.0532,0.0,0.168,0.443,82.468,305.0,76.0
444,9,0.614,0.785,10,-8.012,0.0398,0.0132,0.925,0.115,0.263,133.999,982.0,245.0
210,37,0.476,0.861,8,-5.145,0.0312,0.00673,2.02e-06,0.445,0.478,150.13,527.0,132.0
254,40,0.841,0.588,11,-11.024,0.0744,0.251,0.76,0.11,0.304,90.025,377.0,94.0
264,21,0.528,0.638,2,-3.377,0.0276,0.118,1.16e-05,0.114,0.224,93.036,402.0,101.0
233,30,0.72,0.906,2,-5.187,0.0675,0.000495,0.809,0.0573,0.624,148.003,560.0,141.0
197,57,0.466,0.897,9,-2.989,0.0403,0.000206,0.253,0.351,0.802,159.988,506.0,126.0
143,2,0.692,0.661,4,-3.124,0.11,0.357,0.0,0.296,0.673,138.108,325.0,80.0
203,24,0.788,0.579,11,-8.778,0.0633,0.123,0.0413,0.156,0.74,130.0,432.0,109.0
180,59,0.642,0.753,7,-5.064,0.0716,0.0269,2.76e-05,0.048,0.536,89.002,264.0,66.0
321,69,0.499,0.683,6,-6.373,0.0334,0.703,0.00161,0.0749,0.295,134.95,719.0,179.0
155,48,0.618,0.493,11,-10.31,0.0355,0.621,0.571,0.13,0.831,112.764,280.0,69.0
144,0,0.151,1.0,10,-13.875,0.0584,0.114,0.999,0.479,1e-05,135.861,281.0,93.0
129,37,0.672,0.898,10,-1.645,0.066,0.314,0.0,0.112,0.972,151.857,322.0,80.0
278,20,0.585,0.815,5,-2.629,0.0324,0.149,0.0,0.0852,0.768,117.995,539.0,134.0
188,0,0.88,0.653,0,-5.32,0.136,0.237,4.47e-06,0.145,0.672,90.048,276.0,70.0
205,29,0.735,0.573,10,-9.518,0.0846,0.799,0.00466,0.0473,0.887,170.059,572.0,143.0
192,61,0.88,0.489,5,-10.386,0.134,0.465,0.0,0.0781,0.589,99.014,305.0,76.0
360,0,0.75,0.81,10,-9.04,0.0685,0.127,0.836,0.174,0.741,120.017,719.0,180.0
298,17,0.326,0.948,6,-3.058,0.0732,0.0725,0.0,0.306,0.501,168.02,816.0,203.0
142,9,0.669,0.515,11,-6.805,0.0982,0.393,0.905,0.435,0.42,88.996,212.0,53.0
155,29,0.391,0.473,4,-8.124,0.0875,0.738,0.848,0.161,0.408,81.005,279.0,69.0
215,14,0.489,0.977,1,-0.938,0.0827,0.0386,0.027,0.291,0.155,116.011,463.0,115.0
352,23,0.567,0.695,6,-6.893,0.0329,5.95e-06,0.641,0.273,0.831,125.799,738.0,185.0
93,2,0.798,0.0677,4,-10.967,0.0967,0.9,0.962,0.106,0.324,170.021,264.0,65.0
185,23,0.522,0.629,7,-4.533,0.0295,0.0772,0.0,0.217,0.469,135.762,411.0,102.0
401,0,0.635,0.859,7,-6.897,0.0447,0.00344,0.869,0.537,0.208,131.001,875.0,219.0
256,0,0.703,0.648,2,-13.394,0.074,0.257,0.842,0.0914,0.446,160.058,680.0,170.0
261,28,0.426,0.687,4,-3.982,0.0344,0.591,4.77e-06,0.266,0.217,149.876,640.0,160.0
359,17,0.569,0.825,0,-12.714,0.0472,0.00121,0.811,0.107,0.19,158.777,933.0,237.0
188,10,0.608,0.646,10,-6.183,0.0447,0.0738,0.0,0.121,0.401,125.024,387.0,96.0
189,60,0.671,0.959,9,-4.271,0.135,0.276,0.0,0.0902,0.791,165.023,513.0,128.0
234,58,0.156,0.739,11,-6.062,0.0436,0.0462,0.0,0.158,0.186,73.354,276.0,68.0
229,28,0.494,0.5,7,-7.176,0.0359,0.475,0.0,0.39,0.183,136.953,510.0,127.0
144,26,0.756,0.4,6,-8.383,0.0676,0.554,0.508,0.426,0.568,88.983,214.0,53.0
340,45,0.776,0.362,8,-6.793,0.065,0.0161,0.05,0.119,0.339,118.965,671.0,168.0
309,18,0.76,0.87,6,-3.937,0.0509,0.00533,0.00108,0.0679,0.9,127.994,657.0,164.0
155,67,0.696,0.547,5,-5.954,0.169,0.792,0.0,0.155,0.623,73.203,188.0,46.0
298,37,0.414,0.639,9,-6.234,0.0305,0.0684,0.0,0.102,0.347,136.789,666.0,166.0
270,26,0.297,0.929,9,-3.547,0.0844,1.7e-05,0.367,0.0751,0.252,124.959,575.0,143.0
198,0,0.139,0.376,9,-18.282,0.0627,0.877,0.235,0.109,0.0388,54.956,216.0,54.0
114,43,0.667,0.278,2,-11.925,0.0902,0.951,0.0,0.102,0.327,161.954,301.0,75.0
139,32,0.652,0.512,9,-9.658,0.0283,0.858,0.00144,0.0842,0.623,124.971,282.0,71.0
259,16,0.413,0.973,3,-6.831,0.0521,2.53e-06,0.595,0.328,0.213,120.039,507.0,129.0
248,20,0.731,0.575,9,-6.252,0.041,0.703,0.0,0.121,0.704,143.986,584.0,145.0
230,0,0.446,0.838,0,-9.87,0.035,0.00123,0.293,0.47,0.487,167.981,632.0,158.0
285,66,0.521,0.852,6,-5.014,0.0624,0.0835,0.0,0.365,0.523,151.012,708.0,178.0
208,61,0.674,0.854,7,-4.337,0.034,0.0579,0.00041,0.0735,0.684,127.295,428.0,106.0
256,62,0.654,0.671,11,-6.026,0.0807,0.359,7.49e-06,0.0656,0.76,90.063,377.0,95.0
228,0,0.473,0.771,0,-3.932,0.0428,0.00831,3.3e-05,0.0937,0.426,120.008,455.0,113.0
230,46,0.69,0.518,2,-6.077,0.0422,0.394,0.0,0.14,0.544,139.941,527.0,130.0
169,3,0.618,0.716,10,-7.039,0.0544,0.0397,0.000197,0.0991,0.188,130.154,363.0,90.0
214,22,0.617,0.711,9,-4.941,0.0334,0.537,0.0004,0.146,0.721,142.79,506.0,126.0
195,12,0.45,0.943,8,-5.212,0.114,0.00954,0.136,0.121,0.323,143.018,459.0,115.0
225,44,0.622,0.114,4,-14.821,0.0609,0.908,1e-06,0.136,0.237,155.794,569.0,189.0
387,21,0.931,0.87,7,-0.826,0.156,0.0255,0.554,0.26,0.369,137.012,881.0,221.0
215,21,0.807,0.89,5,-4.086,0.0461,0.0444,0.0,0.43,0.497,130.016,458.0,116.0
258,55,0.717,0.743,10,-9.092,0.0439,0.184,0.000771,0.0984,0.46,135.963,563.0,139.0
441,10,0.304,0.477,4,-14.788,0.0356,0.0771,0.9,0.121,0.0639,111.855,811.0,204.0
307,17,0.607,0.888,11,-3.219,0.0683,0.00566,8.82e-06,0.371,0.736,100.023,506.0,128.0
321,15,0.201,0.824,11,-13.332,0.0776,2.43e-05,0.00159,0.0991,0.0648,179.998,946.0,237.0
290,62,0.536,0.706,2,-5.897,0.0274,0.5,0.00597,0.112,0.442,113.972,548.0,138.0
255,36,0.598,0.891,4,-3.923,0.0533,0.571,0.0,0.31,0.573,111.71,463.0,116.0
185,43,0.685,0.83,0,-4.869,0.0626,0.0195,0.0,0.101,0.575,100.992,306.0,75.0
280,6,0.751,0.882,5,-7.125,0.0603,0.00323,0.875,0.137,0.872,122.037,563.0,140.0
245,0,0.629,0.418,7,-14.52,0.036,0.179,0.828,0.0878,0.122,139.991,560.0,140.0
201,21,0.656,0.738,9,-10.393,0.0342,0.719,0.00815,0.0799,0.598,120.966,393.0,99.0
212,36,0.536,0.836,8,-4.491,0.0388,0.0225,0.0,0.115,0.664,133.071,462.0,115.0
143,26,0.668,0.91,1,-6.219,0.0969,0.0761,3.5e-06,0.387,0.297,129.915,298.0,75.0
106,11,0.473,0.223,11,-13.107,0.0355,0.974,0.859,0.108,0.193,63.989,111.0,26.0
184,23,0.812,0.786,6,-4.59,0.0427,0.561,0.0,0.0915,0.797,132.001,392.0,97.0
265,30,0.564,0.822,2,-4.959,0.0305,0.0925,0.000414,0.237,0.96,124.502,548.0,136.0
206,24,0.439,0.989,11,-3.493,0.0478,1.45e-06,0.874,0.0771,0.618,126.895,432.0,107.0
206,16,0.472,0.952,7,-7.121,0.0657,0.00148,0.00257,0.362,0.335,180.005,604.0,150.0
228,79,0.603,0.573,1,-5.843,0.0502,0.478,0.0,0.0971,0.236,82.941,309.0,76.0
274,21,0.577,0.985,6,-1.131,0.0795,0.0471,0.0,0.373,0.64,145.058,649.0,162.0
138,28,0.223,0.5,7,-6.808,0.0319,0.0225,0.567,0.192,0.0463,97.546,222.0,73.0
58,18,0.386,0.284,2,-13.496,0.0625,0.712,0.0,0.252,0.378,142.539,131.0,42.0
97,0,0.562,0.472,7,-12.46,0.0322,0.895,0.921,0.232,0.801,128.361,199.0,49.0
288,0,0.695,0.699,2,-7.813,0.0827,0.0146,0.0222,0.106,0.209,135.015,639.0,161.0
206,42,0.586,0.3,7,-9.517,0.0335,0.813,0.0,0.117,0.319,121.755,404.0,101.0
313,49,0.325,0.346,2,-8.083,0.033,0.629,0.0,0.107,0.36,100.116,534.0,134.0
234,25,0.415,0.436,11,-8.57,0.0361,0.572,0.0,0.134,0.448,73.896,283.0,71.0
277,63,0.8,0.634,1,-5.895,0.132,0.356,0.000605,0.0733,0.46,100.001,458.0,113.0
94,29,0.601,0.94,1,-6.457,0.0432,0.00886,0.000877,0.336,0.9,165.042,250.0,62.0
309,1,0.69,0.859,1,-5.571,0.162,0.00126,0.00353,0.237,0.0863,192.006,958.0,239.0
181,25,0.542,0.944,5,-1.443,0.0821,0.00326,0.0,0.159,0.642,175.007,516.0,129.0
267,48,0.572,0.509,0,-7.281,0.0351,0.609,0.0,0.232,0.104,124.006,549.0,136.0
247,44,0.576,0.82,7,-3.987,0.0346,0.432,0.0,0.278,0.837,159.983,660.0,164.0
231,0,0.552,0.783,7,-4.138,0.0504,0.00887,0.00026,0.0954,0.575,79.984,306.0,76.0
181,46,0.475,0.585,10,-7.804,0.0705,0.758,3.44e-05,0.319,0.376,106.722,300.0,74.0
210,53,0.62,0.312,11,-13.338,0.0301,0.465,0.125,0.208,0.262,101.978,355.0,91.0
356,35,0.52,0.344,2,-10.132,0.0243,0.0173,0.00467,0.0856,0.0825,77.968,450.0,112.0
144,42,0.666,0.952,0,-2.847,0.0622,0.475,0.0,0.0502,0.814,172.142,400.0,100.0
309,20,0.521,0.94,7,-4.8,0.0627,0.0116,0.000108,0.0988,0.206,115.913,591.0,146.0
332,36,0.457,0.23,2,-13.23,0.0353,0.152,0.00159,0.0838,0.0705,136.137,739.0,186.0
253,65,0.661,0.847,7,-11.855,0.0349,0.225,0.835,0.0863,0.71,125.862,518.0,128.0
231,40,0.595,0.723,8,-13.668,0.0424,0.000991,0.934,0.0915,0.733,125.623,476.0,118.0
365,50,0.307,0.604,7,-5.592,0.0397,0.593,3.79e-06,0.0789,0.452,85.641,652.0,165.0
198,54,0.582,0.321,0,-8.876,0.0284,0.816,0.0,0.12,0.612,133.895,432.0,108.0
239,14,0.598,0.915,6,-2.765,0.0914,0.0405,2.29e-06,0.183,0.701,117.072,459.0,115.0
77,34,0.756,0.414,11,-9.943,0.133,0.0518,0.789,0.118,0.541,90.969,116.0,29.0
234,53,0.728,0.506,9,-8.725,0.0309,0.0148,0.00132,0.485,0.363,123.96,480.0,120.0
106,20,0.262,0.836,0,-9.591,0.0367,0.513,0.941,0.202,0.981,175.044,302.0,75.0
278,25,0.664,0.695,0,-9.387,0.0308,0.454,0.0403,0.37,0.887,120.985,557.0,139.0
261,44,0.549,0.64,6,-7.483,0.0304,0.323,0.0,0.0837,0.423,130.034,548.0,135.0
164,44,0.704,0.329,0,-15.407,0.0636,0.4,0.828,0.124,0.597,84.002,229.0,57.0
302,0,0.811,0.911,0,-9.267,0.0821,9.67e-05,0.819,0.0679,0.823,124.206,624.0,156.0
437,47,0.651,0.744,7,-7.441,0.0314,0.0167,0.621,0.115,0.0372,119.995,865.0,216.0
87,11,0.287,0.766,5,-4.926,0.0541,0.598,0.0,0.202,0.265,81.879,111.0,27.0
311,26,0.514,0.969,7,-2.455,0.075,0.000119,0.0691,0.0194,0.07,174.009,896.0,224.0
218,11,0.442,0.804,11,-9.555,0.0806,0.0115,0.854,0.162,0.589,150.144,535.0,132.0
244,18,0.846,0.903,2,-7.245,0.0418,0.00141,0.788,0.0786,0.925,126.005,511.0,126.0
289,44,0.445,0.757,6,-6.186,0.0465,0.000447,0.694,0.108,0.147,120.952,568.0,142.0
219,18,0.598,0.884,2,-1.108,0.127,0.00029,0.00136,0.325,0.17,105.009,375.0,94.0
252,16,0.544,0.954,11,-3.296,0.0327,1.31e-05,0.593,0.103,0.319,140.016,587.0,144.0
263,30,0.7,0.651,8,-9.026,0.0881,0.393,0.0152,0.0762,0.168,90.009,390.0,97.0
214,6,0.421,0.876,9,-6.739,0.0471,0.000263,0.414,0.315,0.32,125.597,447.0,149.0
146,0,0.503,0.851,7,-8.064,0.0328,0.593,0.969,0.163,0.788,95.664,228.0,57.0
95,41,0.766,0.659,3,-11.221,0.0943,0.954,0.925,0.386,0.626,81.988,123.0,30.0
171,47,0.661,0.73,6,-9.332,0.0765,0.175,7.91e-05,0.106,0.853,98.817,275.0,70.0
387,18,0.693,0.74,1,-12.793,0.105,0.413,0.782,0.396,0.0712,156.109,1006.0,252.0
123,22,0.777,0.651,3,-6.327,0.0423,0.359,0.0,0.224,0.902,125.999,251.0,61.0
152,43,0.718,0.875,5,-6.558,0.0419,0.572,0.0,0.0622,0.94,171.983,437.0,109.0
244,5,0.327,0.758,2,-6.774,0.0478,0.00122,0.752,0.0667,0.296,165.912,610.0,150.0
250,25,0.326,0.533,9,-5.576,0.0413,0.282,0.0,0.251,0.372,98.473,502.0,166.0
270,2,0.772,0.289,0,-8.394,0.0451,0.474,0.89,0.114,0.526,77.133,347.0,86.0
138,15,0.818,0.572,0,-5.376,0.143,0.0164,0.0,0.296,0.414,136.018,312.0,77.0
261,23,0.309,0.959,8,-3.551,0.0621,0.000127,0.0202,0.074,0.256,184.129,785.0,197.0
342,48,0.639,0.373,1,-11.386,0.0334,0.847,0.0225,0.0938,0.404,125.96,695.0,174.0
201,26,0.691,0.495,2,-6.595,0.0293,0.839,1.59e-05,0.198,0.611,119.859,394.0,99.0
346,6,0.808,0.658,1,-10.857,0.105,0.0234,0.0257,0.0361,0.781,120.958,693.0,174.0
269,61,0.586,0.833,9,-3.046,0.069,0.469,0.0,0.312,0.593,87.892,390.0,97.0
268,0,0.547,0.497,7,-7.959,0.025,0.396,0.0,0.0816,0.223,79.968,351.0,86.0
372,29,0.8,0.545,7,-11.732,0.045,0.0952,0.747,0.11,0.237,124.982,768.0,193.0
142,0,0.708,0.895,1,-5.795,0.044,9.54e-05,0.896,0.106,0.372,164.992,383.0,95.0
296,15,0.5,0.907,6,-4.805,0.0301,0.000335,0.864,0.247,0.483,133.045,643.0,159.0
210,45,0.727,0.804,6,-2.495,0.044,0.0811,0.0,0.134,0.96,185.928,651.0,162.0
287,44,0.609,0.794,11,-7.096,0.0294,0.177,0.0689,0.0521,0.682,138.096,651.0,161.0
212,25,0.481,0.974,10,-5.55,0.163,0.000177,4.18e-05,0.364,0.317,140.99,487.0,122.0
353,49,0.578,0.635,2,-5.335,0.0278,0.661,0.0,0.138,0.343,137.98,806.0,202.0
345,7,0.783,0.61,7,-11.324,0.0506,0.00265,0.2,0.046,0.512,120.015,682.0,169.0
237,56,0.363,0.233,7,-11.531,0.0499,0.901,4.79e-06,0.109,0.341,77.378,305.0,75.0
335,26,0.714,0.418,2,-14.844,0.0482,0.0316,0.818,0.131,0.0393,123.009,675.0,170.0
192,52,0.686,0.861,0,-8.613,0.0586,0.00939,2.1e-05,0.135,0.978,154.994,492.0,125.0
275,49,0.534,0.58,4,-5.311,0.0265,0.658,0.0,0.136,0.347,142.081,643.0,161.0
248,19,0.508,0.986,1,-6.079,0.0689,0.00415,0.858,0.0929,0.237,170.077,682.0,170.0
279,42,0.544,0.309,0,-8.7,0.0349,0.936,0.0,0.115,0.376,134.277,607.0,153.0
299,46,0.739,0.898,8,-4.835,0.0691,0.184,0.0586,0.215,0.365,131.986,650.0,164.0
271,0,0.532,0.868,8,-4.761,0.0351,0.00439,0.0393,0.0931,0.739,116.004,516.0,128.0
80,41,0.892,0.846,4,-5.128,0.0328,0.202,1.35e-06,0.199,0.966,100.022,128.0,31.0
391,8,0.163,0.322,9,-16.863,0.0537,0.115,0.935,0.0594,0.0591,88.513,571.0,144.0
174,29,0.694,0.82,4,-7.885,0.048,0.113,0.897,0.147,0.588,99.922,283.0,70.0
159,21,0.444,0.77,9,-7.947,0.0317,0.368,0.536,0.158,0.973,150.138,380.0,95.0
428,0,0.702,0.775,5,-10.667,0.0525,0.00112,0.918,0.0986,0.209,130.008,927.0,232.0
323,6,0.309,0.937,3,-7.596,0.0742,6.55e-06,0.914,0.464,0.0387,110.095,593.0,150.0
195,0,0.614,0.894,1,-5.627,0.0328,0.00014,0.000308,0.263,0.444,122.951,395.0,98.0
211,9,0.776,0.895,2,-7.072,0.0709,0.0386,0.546,0.113,0.133,116.978,406.0,101.0
229,0,0.579,0.399,1,-7.989,0.0259,0.418,0.00499,0.11,0.273,97.978,368.0,91.0
377,48,0.767,0.688,6,-9.108,0.0496,0.00177,0.875,0.0644,0.036,124.002,769.0,192.0
167,41,0.642,0.823,7,-4.57,0.0323,0.429,1.07e-06,0.281,0.961,152.016,421.0,106.0
235,25,0.641,0.343,8,-9.06,0.0527,0.692,0.88,0.114,0.345,148.2,577.0,144.0
309,17,0.737,0.633,1,-12.916,0.11,0.0742,0.896,0.516,0.341,174.076,888.0,223.0
257,31,0.76,0.826,6,-7.248,0.0395,0.284,0.000723,0.0664,0.935,147.758,628.0,156.0
119,23,0.592,0.451,7,-6.854,0.08,0.428,0.835,0.0987,0.204,176.191,350.0,87.0
210,11,0.65,0.992,8,-0.882,0.0804,0.03,1.13e-05,0.501,0.373,95.018,330.0,84.0
238,23,0.458,0.984,7,-4.721,0.155,0.0028,0.0253,0.0428,0.307,144.996,560.0,139.0
185,38,0.707,0.957,9,-1.702,0.0518,0.517,4.57e-05,0.076,0.868,156.044,460.0,116.0
158,39,0.68,0.206,8,-10.361,0.0671,0.582,0.519,0.0957,0.168,70.094,180.0,44.0
274,21,0.478,0.902,6,-6.734,0.0447,1.41e-05,0.878,0.303,0.224,134.98,606.0,151.0
109,49,0.925,0.786,0,-4.835,0.0396,0.0612,4.26e-06,0.0925,0.96,128.033,232.0,57.0
394,13,0.818,0.675,1,-9.087,0.0687,0.000512,0.804,0.091,0.845,123.687,805.0,200.0
204,30,0.604,0.858,8,-6.463,0.0647,0.0156,2.98e-05,0.306,0.695,129.978,423.0,104.0
157,33,0.663,0.715,1,-12.426,0.123,0.0971,0.945,0.189,0.448,184.014,466.0,117.0
204,2,0.379,0.932,7,-6.91,0.0516,0.000211,2.62e-06,0.162,0.192,180.056,594.0,148.0
247,19,0.642,0.329,2,-9.977,0.0262,0.703,0.00282,0.103,0.45,101.993,414.0,103.0
252,42,0.335,0.298,8,-12.329,0.0328,0.859,0.00183,0.109,0.105,126.957,434.0,109.0
334,0,0.6,0.947,10,-8.169,0.0596,0.000272,0.681,0.137,0.278,145.008,799.0,200.0
304,39,0.442,0.458,5,-7.875,0.0259,0.0979,0.0,0.187,0.139,153.991,776.0,195.0
222,65,0.67,0.839,0,-4.023,0.036,0.0607,0.000764,0.159,0.726,105.002,385.0,95.0
336,22,0.53,0.992,5,-4.755,0.0566,0.000437,0.395,0.341,0.578,141.995,791.0,199.0
216,28,0.772,0.767,4,-5.515,0.0341,0.0221,0.0,0.105,0.787,144.984,519.0,130.0
325,50,0.708,0.809,10,-4.129,0.0611,0.178,1.62e-06,0.368,0.625,134.053,719.0,180.0
215,28,0.506,0.503,9,-10.014,0.0292,0.533,0.0181,0.109,0.299,71.99,250.0,62.0
269,52,0.755,0.694,5,-7.908,0.0306,0.338,0.0,0.0991,0.427,126.122,552.0,138.0
202,21,0.527,0.452,5,-10.575,0.0318,0.206,9.86e-06,0.149,0.404,104.931,346.0,85.0
299,39,0.699,0.339,6,-13.51,0.0323,0.601,0.368,0.0932,0.439,104.993,517.0,130.0
199,45,0.521,0.923,0,-3.66,0.118,0.133,2.39e-05,0.178,0.336,149.951,468.0,117.0
339,12,0.331,0.838,5,-7.88,0.0557,1.71e-06,0.768,0.093,0.25,119.829,643.0,213.0
242,54,0.717,0.829,10,-5.432,0.0367,0.00261,0.0147,0.106,0.729,144.04,577.0,144.0
166,16,0.57,0.975,1,-2.617,0.0617,0.0404,0.0,0.162,0.908,137.948,367.0,122.0
284,52,0.487,0.414,10,-8.779,0.0279,0.509,0.0,0.117,0.352,76.953,361.0,90.0
433,21,0.464,0.683,10,-12.301,0.0415,0.165,0.591,0.232,0.833,105.437,753.0,188.0
236,0,0.336,0.783,9,-4.793,0.0434,0.000539,3.27e-06,0.468,0.49,170.169,665.0,167.0
180,42,0.723,0.793,4,-1.727,0.0305,0.609,0.0,0.0984,0.478,126.925,378.0,95.0
238,47,0.63,0.538,6,-7.059,0.0318,0.0871,0.0,0.0952,0.238,98.012,384.0,96.0
168,21,0.625,0.905,0,-5.318,0.0629,0.0114,0.0,0.324,0.69,148.119,410.0,102.0
302,47,0.766,0.776,2,-5.381,0.0291,0.184,0.0,0.113,0.576,132.098,643.0,160.0
230,39,0.565,0.208,10,-12.778,0.0323,0.823,5.14e-06,0.109,0.449,148.024,554.0,138.0
201,26,0.571,0.316,7,-9.215,0.0274,0.641,3.54e-06,0.153,0.512,92.115,300.0,74.0
224,74,0.706,0.842,0,-4.628,0.038,0.0476,0.0,0.134,0.818,104.958,385.0,96.0
305,19,0.507,0.629,9,-6.716,0.0261,0.711,0.0221,0.202,0.437,101.584,503.0,127.0
271,12,0.532,0.948,7,-4.693,0.0955,0.00533,0.0,0.148,0.187,175.949,774.0,193.0
309,23,0.422,0.847,7,-5.601,0.0565,0.0029,0.174,0.102,0.268,113.363,533.0,135.0
35,20,0.555,0.305,7,-13.117,0.0305,0.911,0.0,0.192,0.839,90.973,54.0,17.0
321,83,0.75,0.522,9,-7.018,0.0293,0.282,0.0,0.0743,0.601,110.427,584.0,145.0
216,23,0.704,0.947,8,-3.151,0.0449,0.25,0.0,0.0939,0.88,124.941,441.0,111.0
210,27,0.578,0.959,11,-3.051,0.0533,0.00128,0.0001,0.0915,0.503,101.458,351.0,87.0
65,53,0.561,0.271,3,-14.363,0.0485,0.867,0.000115,0.114,0.152,120.787,118.0,29.0
245,17,0.654,0.924,6,-4.892,0.174,0.0738,0.0,0.329,0.595,136.021,548.0,136.0
423,31,0.925,0.355,0,-11.38,0.0527,0.00209,0.834,0.102,0.11,120.013,847.0,212.0
250,42,0.565,0.769,7,-7.895,0.0631,0.201,0.0,0.158,0.606,163.945,672.0,169.0
289,11,0.415,0.929,1,-5.533,0.0951,3.54e-06,0.909,0.218,0.311,120.024,578.0,145.0
226,2,0.602,0.936,7,-6.473,0.0397,0.0218,0.356,0.321,0.893,142.036,530.0,131.0
214,0,0.205,0.95,10,-8.498,0.131,1.93e-05,0.805,0.212,0.313,184.498,643.0,160.0
371,46,0.619,0.669,5,-5.745,0.0369,0.625,3.58e-06,0.157,0.335,133.948,822.0,206.0
160,0,0.447,0.826,10,-6.556,0.0504,0.0226,0.876,0.232,0.685,105.475,285.0,72.0
53,19,0.467,0.185,6,-17.553,0.0551,0.963,0.924,0.103,0.51,148.721,119.0,39.0
312,44,0.652,0.57,5,-9.013,0.0259,0.638,0.00815,0.154,0.78,92.978,484.0,120.0
164,0,0.641,0.48,4,-9.168,0.0308,0.569,0.0,0.175,0.54,109.431,291.0,72.0
181,37,0.422,0.117,11,-13.659,0.0315,0.901,0.0,0.0546,0.231,77.202,225.0,56.0
189,50,0.714,0.666,11,-7.944,0.0434,0.00451,0.0001,0.42,0.619,114.95,358.0,89.0
246,78,0.584,0.408,1,-7.356,0.0461,0.476,0.0,0.18,0.333,115.129,463.0,116.0
271,18,0.423,0.978,10,-4.076,0.131,0.00165,7.22e-05,0.301,0.0413,120.009,529.0,132.0
213,53,0.62,0.111,6,-14.142,0.0355,0.896,0.00135,0.113,0.477,127.96,434.0,109.0
268,11,0.435,0.874,2,-4.197,0.043,0.00191,0.0147,0.139,0.373,142.154,604.0,152.0
124,47,0.497,0.287,9,-13.128,0.0331,0.641,0.899,0.117,0.205,84.935,174.0,43.0
287,0,0.344,0.427,7,-14.244,0.0768,0.73,0.908,0.0893,0.129,162.969,780.0,195.0
298,11,0.459,0.938,1,-4.405,0.0575,1.68e-05,0.793,0.131,0.248,95.02,465.0,116.0
195,20,0.456,0.706,4,-6.391,0.119,0.0629,0.0,0.33,0.504,100.049,351.0,86.0
272,52,0.751,0.562,2,-7.143,0.0294,0.312,0.0,0.0928,0.666,90.987,406.0,100.0
252,20,0.51,0.935,7,-5.25,0.0724,0.00416,3.08e-05,0.145,0.182,172.015,723.0,182.0
334,38,0.507,0.0859,0,-14.291,0.0342,0.933,1.14e-06,0.121,0.282,130.388,705.0,175.0
209,0,0.813,0.828,11,-10.84,0.0488,0.261,0.896,0.101,0.571,130.271,447.0,112.0
197,56,0.7,0.699,10,-4.193,0.0531,0.45,0.0,0.103,0.567,100.037,323.0,82.0
239,20,0.456,0.984,8,-1.799,0.0888,0.171,0.0,0.0916,0.597,80.002,314.0,78.0
200,1,0.501,0.989,2,-1.62,0.11,0.000715,2.81e-06,0.2,0.113,90.019,294.0,73.0
340,7,0.788,0.841,7,-7.559,0.0697,0.0126,0.509,0.0537,0.618,124.008,704.0,178.0
346,47,0.433,0.402,10,-8.749,0.0328,0.482,1.17e-05,0.11,0.108,160.013,915.0,231.0
215,27,0.592,0.674,5,-3.906,0.0255,0.485,0.0,0.366,0.524,95.993,341.0,85.0
284,25,0.568,0.908,10,-12.43,0.0546,0.00236,0.31,0.0675,0.814,115.586,543.0,135.0
255,28,0.464,0.455,9,-8.732,0.0337,0.334,0.0,0.31,0.131,124.154,519.0,130.0
149,50,0.666,0.968,4,-2.076,0.059,0.446,0.0,0.0625,0.96,164.007,401.0,99.0
202,62,0.495,0.461,2,-8.158,0.0496,0.249,0.0,0.126,0.25,113.029,408.0,101.0
236,20,0.587,0.874,1,-4.536,0.0367,0.363,4.67e-05,0.226,0.904,156.971,605.0,152.0
218,21,0.745,0.82,7,-7.176,0.0449,0.0177,0.607,0.104,0.962,93.978,333.0,83.0
160,26,0.719,0.753,10,-8.516,0.0565,0.0198,0.00128,0.125,0.777,171.999,453.0,112.0
212,52,0.58,0.636,2,-6.649,0.0262,0.191,0.0313,0.0915,0.38,105.037,359.0,120.0
207,30,0.751,0.839,2,-7.551,0.049,0.523,0.0,0.24,0.73,91.084,302.0,75.0
259,46,0.502,0.466,8,-9.109,0.0518,0.553,1.09e-06,0.135,0.427,156.388,677.0,171.0
226,38,0.681,0.762,7,-4.682,0.0506,0.571,0.000117,0.0583,0.862,152.038,556.0,138.0
146,64,0.486,0.963,0,-5.586,0.129,0.248,2.39e-06,0.158,0.533,113.133,276.0,68.0
339,66,0.467,0.791,2,-4.678,0.0948,0.168,0.0,0.253,0.695,83.354,463.0,118.0
223,64,0.598,0.853,2,-4.559,0.0506,0.269,0.0,0.112,0.66,102.473,371.0,93.0
231,41,0.614,0.839,9,-6.931,0.0412,0.0027,0.000107,0.0942,0.5,149.995,567.0,141.0
160,60,0.504,0.754,8,-5.182,0.0424,0.139,0.0,0.126,0.583,82.009,217.0,55.0
281,14,0.753,0.864,10,-9.087,0.0475,0.000466,0.947,0.171,0.781,121.975,569.0,142.0
204,41,0.736,0.495,2,-9.999,0.0774,0.653,3.5e-05,0.12,0.437,75.015,254.0,63.0
386,20,0.23,0.932,9,-3.975,0.058,4.51e-05,4.53e-05,0.482,0.295,132.571,819.0,205.0
213,5,0.631,0.512,11,-7.505,0.075,0.58,1.04e-05,0.136,0.408,107.767,382.0,96.0
192,14,0.809,0.788,10,-5.127,0.0457,0.354,0.0905,0.181,0.465,126.056,401.0,99.0
139,9,0.597,0.532,9,-8.575,0.0942,0.277,0.885,0.126,0.721,114.214,262.0,65.0
208,28,0.66,0.783,0,-7.43,0.0328,0.191,5.85e-05,0.0993,0.658,102.869,350.0,87.0
369,14,0.595,0.655,8,-9.515,0.0403,0.0048,0.123,0.11,0.0939,128.01,777.0,196.0
